event_id,session_id,student_id,app_category,duration_sec,in_focus_block,is_distractor,notify_flag,week_no
ph_00001,ses_00001,stu_0001,video,343,true,true,false,1
ph_00002,ses_00002,stu_0001,social,952,true,true,true,2
ph_00003,ses_00003,stu_0001,social,480,true,true,false,3
ph_00004,ses_00003,stu_0001,video,796,true,true,true,3
ph_00005,ses_00004,stu_0001,communication,884,true,false,false,4
ph_00006,ses_00005,stu_0001,social,1139,true,true,true,1
ph_00007,ses_00005,stu_0001,social,1346,true,true,true,1
ph_00008,ses_00005,stu_0001,social,1255,true,true,true,1
ph_00009,ses_00006,stu_0001,social,212,true,true,false,2
ph_00010,ses_00007,stu_0001,social,1258,true,true,true,3
ph_00011,ses_00007,stu_0001,game,1362,true,true,true,3
ph_00012,ses_00007,stu_0001,game,449,true,true,false,3
ph_00013,ses_00008,stu_0001,game,273,true,true,false,4
ph_00014,ses_00009,stu_0002,game,1380,true,true,true,1
ph_00015,ses_00009,stu_0002,social,1156,true,true,true,1
ph_00016,ses_00009,stu_0002,game,180,true,true,false,1
ph_00017,ses_00010,stu_0002,social,426,true,true,false,2
ph_00018,ses_00010,stu_0002,other,267,true,false,false,2
ph_00019,ses_00011,stu_0002,social,720,true,true,true,3
ph_00020,ses_00011,stu_0002,game,396,true,true,false,3
ph_00021,ses_00011,stu_0002,video,919,true,true,true,3
ph_00022,ses_00012,stu_0002,social,1202,true,true,true,4
ph_00023,ses_00013,stu_0002,social,249,true,true,false,1
ph_00024,ses_00013,stu_0002,communication,885,true,false,false,1
ph_00025,ses_00013,stu_0002,video,1340,true,true,true,1
ph_00026,ses_00014,stu_0002,social,279,true,true,false,2
ph_00027,ses_00014,stu_0002,game,1346,true,true,true,2
ph_00028,ses_00015,stu_0002,social,743,true,true,true,3
ph_00029,ses_00016,stu_0002,game,1062,true,true,true,4
ph_00030,ses_00017,stu_0003,education,500,true,false,false,1
ph_00031,ses_00019,stu_0003,communication,156,true,false,false,3
ph_00032,ses_00020,stu_0003,other,134,true,false,false,4
ph_00033,ses_00021,stu_0003,video,414,true,true,false,1
ph_00034,ses_00022,stu_0003,education,289,true,false,false,2
ph_00035,ses_00023,stu_0003,social,456,true,true,false,3
ph_00036,ses_00024,stu_0003,communication,183,true,false,false,4
ph_00037,ses_00025,stu_0004,social,68,true,true,false,1
ph_00038,ses_00028,stu_0004,communication,482,true,false,false,4
ph_00039,ses_00029,stu_0004,social,439,true,true,false,1
ph_00040,ses_00030,stu_0004,other,440,true,false,false,2
ph_00041,ses_00031,stu_0004,communication,469,true,false,false,3
ph_00042,ses_00032,stu_0004,communication,146,true,false,false,4
ph_00043,ses_00038,stu_0005,communication,340,true,false,false,2
ph_00044,ses_00039,stu_0005,communication,437,true,false,false,3
ph_00045,ses_00041,stu_0006,social,157,true,true,false,1
ph_00046,ses_00042,stu_0006,education,192,true,false,false,2
ph_00047,ses_00043,stu_0006,communication,310,true,false,false,3
ph_00048,ses_00044,stu_0006,education,422,true,false,false,4
ph_00049,ses_00045,stu_0006,game,169,true,true,false,1
ph_00050,ses_00046,stu_0006,social,139,true,true,false,2
ph_00051,ses_00047,stu_0006,communication,229,true,false,false,3
ph_00052,ses_00048,stu_0006,video,415,true,true,false,4
ph_00053,ses_00049,stu_0007,social,1370,true,true,true,1
ph_00054,ses_00049,stu_0007,other,683,true,false,false,1
ph_00055,ses_00050,stu_0007,social,1160,true,true,true,2
ph_00056,ses_00050,stu_0007,video,1459,true,true,true,2
ph_00057,ses_00050,stu_0007,social,1084,true,true,true,2
ph_00058,ses_00051,stu_0007,video,351,true,true,false,3
ph_00059,ses_00051,stu_0007,other,1438,true,true,true,3
ph_00060,ses_00052,stu_0007,other,1332,true,true,true,4
ph_00061,ses_00052,stu_0007,game,1030,true,true,true,4
ph_00062,ses_00052,stu_0007,social,1300,true,true,true,4
ph_00063,ses_00053,stu_0007,social,618,true,true,true,1
ph_00064,ses_00054,stu_0007,social,1448,true,true,true,2
ph_00065,ses_00054,stu_0007,game,1351,true,true,true,2
ph_00066,ses_00055,stu_0007,game,1025,true,true,true,3
ph_00067,ses_00055,stu_0007,social,688,true,true,true,3
ph_00068,ses_00056,stu_0007,video,1471,true,true,true,4
ph_00069,ses_00056,stu_0007,social,1416,true,true,true,4
ph_00070,ses_00056,stu_0007,social,466,true,true,false,4
ph_00071,ses_00057,stu_0008,social,797,true,true,true,1
ph_00072,ses_00057,stu_0008,social,1380,true,true,true,1
ph_00073,ses_00058,stu_0008,game,889,true,true,true,2
ph_00074,ses_00058,stu_0008,other,832,true,false,false,2
ph_00075,ses_00058,stu_0008,social,880,true,true,true,2
ph_00076,ses_00059,stu_0008,communication,612,true,false,false,3
ph_00077,ses_00059,stu_0008,game,948,true,true,true,3
ph_00078,ses_00059,stu_0008,social,1482,true,true,true,3
ph_00079,ses_00060,stu_0008,video,1176,true,true,true,4
ph_00080,ses_00060,stu_0008,other,267,true,true,false,4
ph_00081,ses_00060,stu_0008,video,800,true,true,true,4
ph_00082,ses_00061,stu_0008,communication,1182,true,false,false,1
ph_00083,ses_00061,stu_0008,video,804,true,true,true,1
ph_00084,ses_00062,stu_0008,social,357,true,true,false,2
ph_00085,ses_00063,stu_0008,social,475,true,true,false,3
ph_00086,ses_00063,stu_0008,video,839,true,true,true,3
ph_00087,ses_00064,stu_0008,social,410,true,true,false,4
ph_00088,ses_00064,stu_0008,other,661,true,true,true,4
ph_00089,ses_00065,stu_0009,game,884,true,true,true,1
ph_00090,ses_00066,stu_0009,game,1286,true,true,true,2
ph_00091,ses_00067,stu_0009,video,590,true,true,false,3
ph_00092,ses_00067,stu_0009,game,858,true,true,true,3
ph_00093,ses_00068,stu_0009,video,655,true,true,true,4
ph_00094,ses_00069,stu_0009,video,734,true,true,true,1
ph_00095,ses_00069,stu_0009,other,628,true,false,false,1
ph_00096,ses_00070,stu_0009,game,830,true,true,true,2
ph_00097,ses_00070,stu_0009,other,720,true,false,false,2
ph_00098,ses_00071,stu_0009,other,748,true,false,false,3
ph_00099,ses_00071,stu_0009,other,700,true,true,true,3
ph_00100,ses_00072,stu_0009,education,469,true,false,false,4
ph_00101,ses_00072,stu_0009,education,773,true,false,false,4
ph_00102,ses_00073,stu_0010,communication,1067,true,false,false,1
ph_00103,ses_00074,stu_0010,social,980,true,true,true,2
ph_00104,ses_00075,stu_0010,communication,569,true,false,false,3
ph_00105,ses_00075,stu_0010,video,1088,true,true,true,3
ph_00106,ses_00075,stu_0010,communication,216,true,false,false,3
ph_00107,ses_00076,stu_0010,other,958,true,false,false,4
ph_00108,ses_00076,stu_0010,game,629,true,true,true,4
ph_00109,ses_00077,stu_0010,social,601,true,true,true,1
ph_00110,ses_00078,stu_0010,video,1197,true,true,true,2
ph_00111,ses_00078,stu_0010,social,652,true,true,true,2
ph_00112,ses_00079,stu_0010,video,953,true,true,true,3
ph_00113,ses_00079,stu_0010,other,486,true,false,false,3
ph_00114,ses_00080,stu_0010,social,570,true,true,false,4
ph_00115,ses_00080,stu_0010,game,1196,true,true,true,4
ph_00116,ses_00081,stu_0011,other,301,true,false,false,1
ph_00117,ses_00082,stu_0011,communication,412,true,false,false,2
ph_00118,ses_00084,stu_0011,communication,37,true,false,false,4
ph_00119,ses_00086,stu_0011,communication,317,true,false,false,2
ph_00120,ses_00088,stu_0011,other,89,true,true,false,4
ph_00121,ses_00089,stu_0012,other,1278,true,true,true,1
ph_00122,ses_00090,stu_0012,video,1383,true,true,true,2
ph_00123,ses_00091,stu_0012,video,987,true,true,true,3
ph_00124,ses_00091,stu_0012,social,1059,true,true,true,3
ph_00125,ses_00092,stu_0012,social,546,true,true,false,4
ph_00126,ses_00093,stu_0012,video,665,true,true,true,1
ph_00127,ses_00094,stu_0012,social,1402,true,true,true,2
ph_00128,ses_00094,stu_0012,other,1069,true,false,false,2
ph_00129,ses_00094,stu_0012,social,670,true,true,true,2
ph_00130,ses_00095,stu_0012,communication,509,true,false,false,3
ph_00131,ses_00096,stu_0012,social,1198,true,true,true,4
ph_00132,ses_00096,stu_0012,social,697,true,true,true,4
ph_00133,ses_00096,stu_0012,social,1270,true,true,true,4
ph_00134,ses_00097,stu_0013,social,542,true,true,false,1
ph_00135,ses_00097,stu_0013,other,613,true,false,false,1
ph_00136,ses_00097,stu_0013,other,706,true,false,false,1
ph_00137,ses_00098,stu_0013,game,831,true,true,true,2
ph_00138,ses_00098,stu_0013,education,1045,true,false,false,2
ph_00139,ses_00098,stu_0013,video,816,true,true,true,2
ph_00140,ses_00099,stu_0013,social,1380,true,true,true,3
ph_00141,ses_00099,stu_0013,social,785,true,true,true,3
ph_00142,ses_00099,stu_0013,communication,759,true,false,false,3
ph_00143,ses_00100,stu_0013,game,919,true,true,true,4
ph_00144,ses_00100,stu_0013,video,975,true,true,true,4
ph_00145,ses_00101,stu_0013,video,1034,true,true,true,1
ph_00146,ses_00102,stu_0013,social,1294,true,true,true,2
ph_00147,ses_00102,stu_0013,video,915,true,true,true,2
ph_00148,ses_00102,stu_0013,social,584,true,true,false,2
ph_00149,ses_00103,stu_0013,video,607,true,true,true,3
ph_00150,ses_00104,stu_0013,social,752,true,true,true,4
ph_00151,ses_00104,stu_0013,education,1359,true,false,false,4
ph_00152,ses_00104,stu_0013,social,679,true,true,true,4
ph_00153,ses_00105,stu_0014,game,1161,true,true,true,1
ph_00154,ses_00105,stu_0014,education,862,true,false,false,1
ph_00155,ses_00106,stu_0014,social,971,true,true,true,2
ph_00156,ses_00107,stu_0014,video,1190,true,true,true,3
ph_00157,ses_00107,stu_0014,communication,1050,true,false,false,3
ph_00158,ses_00107,stu_0014,social,632,true,true,true,3
ph_00159,ses_00108,stu_0014,game,1451,true,true,true,4
ph_00160,ses_00108,stu_0014,social,840,true,true,true,4
ph_00161,ses_00109,stu_0014,game,990,true,true,true,1
ph_00162,ses_00109,stu_0014,social,1110,true,true,true,1
ph_00163,ses_00109,stu_0014,video,509,true,true,false,1
ph_00164,ses_00110,stu_0014,other,776,true,true,true,2
ph_00165,ses_00110,stu_0014,video,1135,true,true,true,2
ph_00166,ses_00111,stu_0014,video,875,true,true,true,3
ph_00167,ses_00111,stu_0014,video,937,true,true,true,3
ph_00168,ses_00112,stu_0014,other,797,true,false,false,4
ph_00169,ses_00112,stu_0014,game,324,true,true,false,4
ph_00170,ses_00112,stu_0014,social,851,true,true,true,4
ph_00171,ses_00113,stu_0015,communication,218,true,false,false,1
ph_00172,ses_00113,stu_0015,communication,985,true,false,false,1
ph_00173,ses_00113,stu_0015,social,365,true,true,false,1
ph_00174,ses_00114,stu_0015,video,423,true,true,false,2
ph_00175,ses_00114,stu_0015,video,950,true,true,true,2
ph_00176,ses_00115,stu_0015,other,1184,true,false,false,3
ph_00177,ses_00115,stu_0015,game,468,true,true,false,3
ph_00178,ses_00116,stu_0015,social,1092,true,true,true,4
ph_00179,ses_00116,stu_0015,communication,747,true,false,false,4
ph_00180,ses_00116,stu_0015,video,708,true,true,true,4
ph_00181,ses_00117,stu_0015,education,273,true,false,false,1
ph_00182,ses_00118,stu_0015,social,995,true,true,true,2
ph_00183,ses_00118,stu_0015,other,926,true,false,false,2
ph_00184,ses_00119,stu_0015,other,663,true,true,true,3
ph_00185,ses_00119,stu_0015,video,639,true,true,true,3
ph_00186,ses_00120,stu_0015,video,895,true,true,true,4
ph_00187,ses_00120,stu_0015,social,1029,true,true,true,4
ph_00188,ses_00120,stu_0015,video,713,true,true,true,4
ph_00189,ses_00121,stu_0016,social,669,true,true,true,1
ph_00190,ses_00121,stu_0016,social,930,true,true,true,1
ph_00191,ses_00122,stu_0016,game,526,true,true,false,2
ph_00192,ses_00123,stu_0016,education,244,true,false,false,3
ph_00193,ses_00124,stu_0016,social,1434,true,true,true,4
ph_00194,ses_00125,stu_0016,game,1271,true,true,true,1
ph_00195,ses_00125,stu_0016,social,307,true,true,false,1
ph_00196,ses_00126,stu_0016,social,1109,true,true,true,2
ph_00197,ses_00126,stu_0016,game,1420,true,true,true,2
ph_00198,ses_00127,stu_0016,game,935,true,true,true,3
ph_00199,ses_00128,stu_0016,video,1344,true,true,true,4
ph_00200,ses_00129,stu_0017,video,362,true,true,false,1
ph_00201,ses_00130,stu_0017,other,90,true,false,false,2
ph_00202,ses_00132,stu_0017,education,74,true,false,false,4
ph_00203,ses_00133,stu_0017,game,183,true,true,false,1
ph_00204,ses_00134,stu_0017,game,101,true,true,false,2
ph_00205,ses_00135,stu_0017,communication,312,true,false,false,3
ph_00206,ses_00140,stu_0018,other,424,true,false,false,4
ph_00207,ses_00141,stu_0018,education,178,true,false,false,1
ph_00208,ses_00142,stu_0018,education,382,true,false,false,2
ph_00209,ses_00143,stu_0018,social,471,true,true,false,3
ph_00210,ses_00145,stu_0019,social,1463,true,true,true,1
ph_00211,ses_00145,stu_0019,video,608,true,true,true,1
ph_00212,ses_00146,stu_0019,video,652,true,true,true,2
ph_00213,ses_00146,stu_0019,game,895,true,true,true,2
ph_00214,ses_00147,stu_0019,video,699,true,true,true,3
ph_00215,ses_00147,stu_0019,game,993,true,true,true,3
ph_00216,ses_00147,stu_0019,game,554,true,true,false,3
ph_00217,ses_00148,stu_0019,social,521,true,true,false,4
ph_00218,ses_00149,stu_0019,other,1231,true,false,false,1
ph_00219,ses_00149,stu_0019,social,1121,true,true,true,1
ph_00220,ses_00150,stu_0019,social,292,true,true,false,2
ph_00221,ses_00150,stu_0019,game,995,true,true,true,2
ph_00222,ses_00151,stu_0019,video,974,true,true,true,3
ph_00223,ses_00151,stu_0019,social,232,true,true,false,3
ph_00224,ses_00151,stu_0019,social,824,true,true,true,3
ph_00225,ses_00152,stu_0019,game,619,true,true,true,4
ph_00226,ses_00153,stu_0020,social,904,true,true,true,1
ph_00227,ses_00154,stu_0020,social,1136,true,true,true,2
ph_00228,ses_00154,stu_0020,video,1292,true,true,true,2
ph_00229,ses_00155,stu_0020,social,474,true,true,false,3
ph_00230,ses_00156,stu_0020,social,1175,true,true,true,4
ph_00231,ses_00157,stu_0020,social,865,true,true,true,1
ph_00232,ses_00158,stu_0020,game,877,true,true,true,2
ph_00233,ses_00158,stu_0020,social,743,true,true,true,2
ph_00234,ses_00158,stu_0020,social,848,true,true,true,2
ph_00235,ses_00159,stu_0020,video,1109,true,true,true,3
ph_00236,ses_00159,stu_0020,video,1340,true,true,true,3
ph_00237,ses_00160,stu_0020,other,217,true,false,false,4
ph_00238,ses_00163,stu_0021,game,415,true,true,false,3
ph_00239,ses_00164,stu_0021,video,150,true,true,false,4
ph_00240,ses_00166,stu_0021,game,98,true,true,false,2
ph_00241,ses_00167,stu_0021,education,271,true,false,false,3
ph_00242,ses_00169,stu_0022,game,622,true,true,true,1
ph_00243,ses_00169,stu_0022,game,823,true,true,true,1
ph_00244,ses_00169,stu_0022,game,1317,true,true,true,1
ph_00245,ses_00170,stu_0022,social,738,true,true,true,2
ph_00246,ses_00170,stu_0022,video,1181,true,true,true,2
ph_00247,ses_00171,stu_0022,game,879,true,true,true,3
ph_00248,ses_00171,stu_0022,communication,316,true,false,false,3
ph_00249,ses_00172,stu_0022,video,408,true,true,false,4
ph_00250,ses_00173,stu_0022,game,1071,true,true,true,1
ph_00251,ses_00173,stu_0022,social,1496,true,true,true,1
ph_00252,ses_00174,stu_0022,video,1084,true,true,true,2
ph_00253,ses_00174,stu_0022,social,634,true,true,true,2
ph_00254,ses_00174,stu_0022,game,868,true,true,true,2
ph_00255,ses_00175,stu_0022,video,1115,true,true,true,3
ph_00256,ses_00176,stu_0022,education,746,true,false,false,4
ph_00257,ses_00176,stu_0022,other,907,true,false,false,4
ph_00258,ses_00176,stu_0022,game,785,true,true,true,4
ph_00259,ses_00177,stu_0023,social,518,true,true,false,1
ph_00260,ses_00178,stu_0023,social,566,true,true,false,2
ph_00261,ses_00179,stu_0023,video,1490,true,true,true,3
ph_00262,ses_00179,stu_0023,other,490,true,true,false,3
ph_00263,ses_00179,stu_0023,other,1165,true,false,false,3
ph_00264,ses_00180,stu_0023,other,889,true,false,false,4
ph_00265,ses_00180,stu_0023,game,968,true,true,true,4
ph_00266,ses_00181,stu_0023,game,808,true,true,true,1
ph_00267,ses_00181,stu_0023,game,1484,true,true,true,1
ph_00268,ses_00181,stu_0023,social,1166,true,true,true,1
ph_00269,ses_00182,stu_0023,game,1163,true,true,true,2
ph_00270,ses_00183,stu_0023,video,1350,true,true,true,3
ph_00271,ses_00183,stu_0023,video,1159,true,true,true,3
ph_00272,ses_00183,stu_0023,game,1118,true,true,true,3
ph_00273,ses_00184,stu_0023,social,1462,true,true,true,4
ph_00274,ses_00184,stu_0023,video,249,true,true,false,4
ph_00275,ses_00184,stu_0023,social,661,true,true,true,4
ph_00276,ses_00190,stu_0025,game,68,true,true,false,2
ph_00277,ses_00192,stu_0025,education,222,true,false,false,4
ph_00278,ses_00195,stu_0025,video,214,true,true,false,3
ph_00279,ses_00196,stu_0025,education,238,true,false,false,4
ph_00280,ses_00198,stu_0026,video,460,true,true,false,2
ph_00281,ses_00202,stu_0027,social,246,true,true,false,2
ph_00282,ses_00204,stu_0027,communication,304,true,false,false,4
ph_00283,ses_00206,stu_0028,other,102,true,false,false,2
ph_00284,ses_00207,stu_0028,education,261,true,false,false,3
ph_00285,ses_00208,stu_0028,video,85,true,true,false,4
ph_00286,ses_00209,stu_0028,education,199,true,false,false,1
ph_00287,ses_00210,stu_0028,education,251,true,false,false,2
ph_00288,ses_00211,stu_0028,social,139,true,true,false,3
ph_00289,ses_00212,stu_0028,social,88,true,true,false,4
ph_00290,ses_00213,stu_0029,video,890,true,true,true,1
ph_00291,ses_00213,stu_0029,other,357,true,false,false,1
ph_00292,ses_00214,stu_0029,other,1434,true,false,false,2
ph_00293,ses_00214,stu_0029,game,1301,true,true,true,2
ph_00294,ses_00215,stu_0029,video,881,true,true,true,3
ph_00295,ses_00216,stu_0029,video,715,true,true,true,4
ph_00296,ses_00216,stu_0029,game,454,true,true,false,4
ph_00297,ses_00216,stu_0029,education,1374,true,false,false,4
ph_00298,ses_00217,stu_0029,video,849,true,true,true,1
ph_00299,ses_00218,stu_0029,game,1431,true,true,true,2
ph_00300,ses_00219,stu_0029,video,349,true,true,false,3
ph_00301,ses_00219,stu_0029,video,660,true,true,true,3
ph_00302,ses_00219,stu_0029,game,1151,true,true,true,3
ph_00303,ses_00220,stu_0029,other,875,true,true,true,4
ph_00304,ses_00220,stu_0029,video,601,true,true,true,4
ph_00305,ses_00220,stu_0029,other,1067,true,false,false,4
ph_00306,ses_00223,stu_0030,communication,433,true,false,false,3
ph_00307,ses_00225,stu_0031,social,145,true,true,false,1
ph_00308,ses_00227,stu_0031,communication,82,true,false,false,3
ph_00309,ses_00230,stu_0031,video,381,true,true,false,2
ph_00310,ses_00231,stu_0031,education,209,true,false,false,3
ph_00311,ses_00232,stu_0031,education,399,true,false,false,4
ph_00312,ses_00233,stu_0032,education,424,true,false,false,1
ph_00313,ses_00234,stu_0032,social,434,true,true,false,2
ph_00314,ses_00235,stu_0032,education,72,true,false,false,3
ph_00315,ses_00236,stu_0032,education,134,true,false,false,4
ph_00316,ses_00239,stu_0032,education,188,true,false,false,3
ph_00317,ses_00241,stu_0033,communication,155,true,false,false,1
ph_00318,ses_00244,stu_0033,social,220,true,true,false,4
ph_00319,ses_00246,stu_0033,social,263,true,true,false,2
ph_00320,ses_00250,stu_0034,education,252,true,false,false,2
ph_00321,ses_00252,stu_0034,game,429,true,true,false,4
ph_00322,ses_00254,stu_0035,education,441,true,false,false,2
ph_00323,ses_00258,stu_0036,game,100,true,true,false,2
ph_00324,ses_00260,stu_0036,education,194,true,false,false,4
ph_00325,ses_00262,stu_0037,education,390,true,false,false,2
ph_00326,ses_00263,stu_0037,other,481,true,false,false,3
ph_00327,ses_00264,stu_0037,game,299,true,true,false,4
ph_00328,ses_00267,stu_0038,social,389,true,true,false,3
ph_00329,ses_00269,stu_0038,social,207,true,true,false,1
ph_00330,ses_00271,stu_0038,game,85,true,true,false,3
ph_00331,ses_00273,stu_0039,social,364,true,true,false,1
ph_00332,ses_00274,stu_0039,social,386,true,true,false,2
ph_00333,ses_00275,stu_0039,social,322,true,true,false,3
ph_00334,ses_00276,stu_0039,communication,350,true,false,false,4
ph_00335,ses_00278,stu_0039,education,76,true,false,false,2
ph_00336,ses_00279,stu_0039,video,164,true,true,false,3
ph_00337,ses_00280,stu_0039,communication,371,true,false,false,4
ph_00338,ses_00284,stu_0040,game,264,true,true,false,4
ph_00339,ses_00285,stu_0040,social,320,true,true,false,1
ph_00340,ses_00286,stu_0040,game,304,true,true,false,2
ph_00341,ses_00289,stu_0041,other,238,true,false,false,1
ph_00342,ses_00290,stu_0041,video,289,true,true,false,2
ph_00343,ses_00291,stu_0041,communication,458,true,false,false,3
ph_00344,ses_00293,stu_0041,social,220,true,true,false,1
ph_00345,ses_00297,stu_0042,other,1262,true,false,false,1
ph_00346,ses_00297,stu_0042,social,665,true,true,true,1
ph_00347,ses_00297,stu_0042,social,463,true,true,false,1
ph_00348,ses_00298,stu_0042,social,846,true,true,true,2
ph_00349,ses_00298,stu_0042,communication,1004,true,false,false,2
ph_00350,ses_00298,stu_0042,education,593,true,false,false,2
ph_00351,ses_00299,stu_0042,other,636,true,false,false,3
ph_00352,ses_00299,stu_0042,other,1343,true,false,false,3
ph_00353,ses_00300,stu_0042,social,354,true,true,false,4
ph_00354,ses_00300,stu_0042,communication,1082,true,false,false,4
ph_00355,ses_00300,stu_0042,social,444,true,true,false,4
ph_00356,ses_00301,stu_0042,social,1492,true,true,true,1
ph_00357,ses_00301,stu_0042,social,987,true,true,true,1
ph_00358,ses_00301,stu_0042,game,1471,true,true,true,1
ph_00359,ses_00302,stu_0042,social,722,true,true,true,2
ph_00360,ses_00302,stu_0042,communication,1023,true,false,false,2
ph_00361,ses_00302,stu_0042,social,805,true,true,true,2
ph_00362,ses_00303,stu_0042,social,682,true,true,true,3
ph_00363,ses_00304,stu_0042,social,959,true,true,true,4
ph_00364,ses_00304,stu_0042,game,1381,true,true,true,4
ph_00365,ses_00305,stu_0043,social,1132,true,true,true,1
ph_00366,ses_00306,stu_0043,social,1368,true,true,true,2
ph_00367,ses_00307,stu_0043,social,202,true,true,false,3
ph_00368,ses_00308,stu_0043,communication,441,true,false,false,4
ph_00369,ses_00308,stu_0043,video,788,true,true,true,4
ph_00370,ses_00309,stu_0043,game,1318,true,true,true,1
ph_00371,ses_00309,stu_0043,social,891,true,true,true,1
ph_00372,ses_00310,stu_0043,video,1450,true,true,true,2
ph_00373,ses_00310,stu_0043,communication,703,true,false,false,2
ph_00374,ses_00311,stu_0043,social,449,true,true,false,3
ph_00375,ses_00311,stu_0043,other,546,true,false,false,3
ph_00376,ses_00311,stu_0043,social,688,true,true,true,3
ph_00377,ses_00312,stu_0043,social,293,true,true,false,4
ph_00378,ses_00312,stu_0043,video,332,true,true,false,4
ph_00379,ses_00312,stu_0043,video,256,true,true,false,4
ph_00380,ses_00313,stu_0044,game,1455,true,true,true,1
ph_00381,ses_00314,stu_0044,social,892,true,true,true,2
ph_00382,ses_00315,stu_0044,video,365,true,true,false,3
ph_00383,ses_00315,stu_0044,video,1300,true,true,true,3
ph_00384,ses_00315,stu_0044,communication,924,true,false,false,3
ph_00385,ses_00316,stu_0044,social,1321,true,true,true,4
ph_00386,ses_00317,stu_0044,social,1158,true,true,true,1
ph_00387,ses_00317,stu_0044,social,715,true,true,true,1
ph_00388,ses_00317,stu_0044,video,623,true,true,true,1
ph_00389,ses_00318,stu_0044,education,751,true,false,false,2
ph_00390,ses_00319,stu_0044,communication,1369,true,false,false,3
ph_00391,ses_00319,stu_0044,game,884,true,true,true,3
ph_00392,ses_00320,stu_0044,social,634,true,true,true,4
ph_00393,ses_00321,stu_0045,education,79,true,false,false,1
ph_00394,ses_00323,stu_0045,social,101,true,true,false,3
ph_00395,ses_00324,stu_0045,other,231,true,true,false,4
ph_00396,ses_00326,stu_0045,education,288,true,false,false,2
ph_00397,ses_00329,stu_0046,video,374,true,true,false,1
ph_00398,ses_00330,stu_0046,social,210,true,true,false,2
ph_00399,ses_00335,stu_0047,communication,470,true,false,false,3
ph_00400,ses_00339,stu_0048,education,236,true,false,false,3
ph_00401,ses_00340,stu_0048,game,415,true,true,false,4
ph_00402,ses_00345,stu_0049,social,857,true,true,true,1
ph_00403,ses_00346,stu_0049,game,923,true,true,true,2
ph_00404,ses_00346,stu_0049,social,606,true,true,true,2
ph_00405,ses_00347,stu_0049,video,1114,true,true,true,3
ph_00406,ses_00348,stu_0049,game,1021,true,true,true,4
ph_00407,ses_00348,stu_0049,game,1364,true,true,true,4
ph_00408,ses_00349,stu_0049,video,1116,true,true,true,1
ph_00409,ses_00349,stu_0049,communication,611,true,false,false,1
ph_00410,ses_00350,stu_0049,game,687,true,true,true,2
ph_00411,ses_00350,stu_0049,social,946,true,true,true,2
ph_00412,ses_00350,stu_0049,video,1261,true,true,true,2
ph_00413,ses_00351,stu_0049,social,365,true,true,false,3
ph_00414,ses_00351,stu_0049,game,235,true,true,false,3
ph_00415,ses_00352,stu_0049,social,923,true,true,true,4
ph_00416,ses_00352,stu_0049,other,1271,true,true,true,4
ph_00417,ses_00353,stu_0050,video,312,true,true,false,1
ph_00418,ses_00357,stu_0050,education,106,true,false,false,1
ph_00419,ses_00359,stu_0050,education,464,true,false,false,3
ph_00420,ses_00360,stu_0050,education,319,true,false,false,4
ph_00421,ses_00361,stu_0051,education,457,true,false,false,1
ph_00422,ses_00362,stu_0051,video,474,true,true,false,2
ph_00423,ses_00364,stu_0051,social,215,true,true,false,4
ph_00424,ses_00365,stu_0051,social,375,true,true,false,1
ph_00425,ses_00366,stu_0051,game,95,true,true,false,2
ph_00426,ses_00369,stu_0052,other,337,true,true,false,1
ph_00427,ses_00372,stu_0052,other,276,true,false,false,4
ph_00428,ses_00374,stu_0052,communication,175,true,false,false,2
ph_00429,ses_00379,stu_0053,other,32,true,false,false,3
ph_00430,ses_00380,stu_0053,game,70,true,true,false,4
ph_00431,ses_00382,stu_0053,education,35,true,false,false,2
ph_00432,ses_00384,stu_0053,education,110,true,false,false,4
ph_00433,ses_00388,stu_0054,video,433,true,true,false,4
ph_00434,ses_00389,stu_0054,education,388,true,false,false,1
ph_00435,ses_00391,stu_0054,communication,167,true,false,false,3
ph_00436,ses_00394,stu_0055,video,381,true,true,false,2
ph_00437,ses_00395,stu_0055,education,36,true,false,false,3
ph_00438,ses_00399,stu_0055,education,147,true,false,false,3
ph_00439,ses_00401,stu_0056,social,92,true,true,false,1
ph_00440,ses_00405,stu_0056,other,70,true,true,false,1
ph_00441,ses_00408,stu_0056,game,158,true,true,false,4
ph_00442,ses_00409,stu_0057,education,470,true,false,false,1
ph_00443,ses_00412,stu_0057,video,306,true,true,false,4
ph_00444,ses_00413,stu_0058,social,912,true,true,true,1
ph_00445,ses_00413,stu_0058,game,681,true,true,true,1
ph_00446,ses_00414,stu_0058,education,1264,true,false,false,2
ph_00447,ses_00414,stu_0058,video,792,true,true,true,2
ph_00448,ses_00414,stu_0058,communication,713,true,false,false,2
ph_00449,ses_00415,stu_0058,social,1147,true,true,true,3
ph_00450,ses_00415,stu_0058,social,875,true,true,true,3
ph_00451,ses_00416,stu_0058,social,919,true,true,true,4
ph_00452,ses_00417,stu_0058,social,1043,true,true,true,1
ph_00453,ses_00418,stu_0058,social,1097,true,true,true,2
ph_00454,ses_00418,stu_0058,education,1386,true,false,false,2
ph_00455,ses_00419,stu_0058,other,1389,true,true,true,3
ph_00456,ses_00419,stu_0058,video,1297,true,true,true,3
ph_00457,ses_00419,stu_0058,other,1244,true,false,false,3
ph_00458,ses_00420,stu_0058,social,549,true,true,false,4
ph_00459,ses_00420,stu_0058,communication,403,true,false,false,4
ph_00460,ses_00420,stu_0058,social,771,true,true,true,4
ph_00461,ses_00422,stu_0059,education,213,true,false,false,2
ph_00462,ses_00423,stu_0059,game,386,true,true,false,3
ph_00463,ses_00425,stu_0059,social,181,true,true,false,1
ph_00464,ses_00427,stu_0059,education,194,true,false,false,3
ph_00465,ses_00432,stu_0060,social,185,true,true,false,4
ph_00466,ses_00433,stu_0060,social,299,true,true,false,1
ph_00467,ses_00436,stu_0060,video,202,true,true,false,4
ph_00468,ses_00437,stu_0061,other,139,true,false,false,1
ph_00469,ses_00439,stu_0061,video,328,true,true,false,3
ph_00470,ses_00440,stu_0061,other,405,true,true,false,4
ph_00471,ses_00447,stu_0062,communication,195,true,false,false,3
ph_00472,ses_00448,stu_0062,social,206,true,true,false,4
ph_00473,ses_00449,stu_0063,education,138,true,false,false,1
ph_00474,ses_00453,stu_0064,education,411,true,false,false,1
ph_00475,ses_00454,stu_0064,other,286,true,false,false,2
ph_00476,ses_00456,stu_0064,social,403,true,true,false,4
ph_00477,ses_00457,stu_0064,education,248,true,false,false,1
ph_00478,ses_00458,stu_0064,social,307,true,true,false,2
ph_00479,ses_00463,stu_0065,game,239,true,true,false,3
ph_00480,ses_00467,stu_0066,education,122,true,false,false,3
ph_00481,ses_00469,stu_0067,communication,346,true,false,false,1
ph_00482,ses_00469,stu_0067,social,915,true,true,true,1
ph_00483,ses_00469,stu_0067,social,967,true,true,true,1
ph_00484,ses_00470,stu_0067,social,1069,true,true,true,2
ph_00485,ses_00471,stu_0067,social,782,true,true,true,3
ph_00486,ses_00471,stu_0067,game,1214,true,true,true,3
ph_00487,ses_00472,stu_0067,social,957,true,true,true,4
ph_00488,ses_00473,stu_0067,social,1026,true,true,true,1
ph_00489,ses_00473,stu_0067,other,345,true,false,false,1
ph_00490,ses_00474,stu_0067,video,548,true,true,false,2
ph_00491,ses_00474,stu_0067,social,988,true,true,true,2
ph_00492,ses_00475,stu_0067,social,891,true,true,true,3
ph_00493,ses_00475,stu_0067,social,1312,true,true,true,3
ph_00494,ses_00476,stu_0067,game,1305,true,true,true,4
ph_00495,ses_00476,stu_0067,video,987,true,true,true,4
ph_00496,ses_00476,stu_0067,social,803,true,true,true,4
ph_00497,ses_00477,stu_0068,communication,187,true,false,false,1
ph_00498,ses_00479,stu_0068,video,203,true,true,false,3
ph_00499,ses_00480,stu_0068,education,486,true,false,false,4
ph_00500,ses_00486,stu_0069,communication,80,true,false,false,2
ph_00501,ses_00487,stu_0069,communication,89,true,false,false,3
ph_00502,ses_00488,stu_0069,education,53,true,false,false,4
ph_00503,ses_00489,stu_0070,communication,306,true,false,false,1
ph_00504,ses_00490,stu_0070,video,74,true,true,false,2
ph_00505,ses_00493,stu_0071,social,536,true,true,false,1
ph_00506,ses_00494,stu_0071,social,909,true,true,true,2
ph_00507,ses_00495,stu_0071,game,667,true,true,true,3
ph_00508,ses_00496,stu_0071,video,737,true,true,true,4
ph_00509,ses_00496,stu_0071,social,1328,true,true,true,4
ph_00510,ses_00496,stu_0071,game,1210,true,true,true,4
ph_00511,ses_00497,stu_0071,other,251,true,false,false,1
ph_00512,ses_00497,stu_0071,game,1106,true,true,true,1
ph_00513,ses_00498,stu_0071,other,831,true,false,false,2
ph_00514,ses_00498,stu_0071,video,999,true,true,true,2
ph_00515,ses_00498,stu_0071,video,1297,true,true,true,2
ph_00516,ses_00499,stu_0071,video,691,true,true,true,3
ph_00517,ses_00499,stu_0071,game,806,true,true,true,3
ph_00518,ses_00500,stu_0071,other,180,true,false,false,4
ph_00519,ses_00500,stu_0071,game,631,true,true,true,4
ph_00520,ses_00500,stu_0071,social,899,true,true,true,4
ph_00521,ses_00501,stu_0072,communication,892,true,false,false,1
ph_00522,ses_00501,stu_0072,game,1034,true,true,true,1
ph_00523,ses_00502,stu_0072,video,1348,true,true,true,2
ph_00524,ses_00502,stu_0072,social,1159,true,true,true,2
ph_00525,ses_00503,stu_0072,game,1307,true,true,true,3
ph_00526,ses_00503,stu_0072,social,927,true,true,true,3
ph_00527,ses_00503,stu_0072,other,1187,true,false,false,3
ph_00528,ses_00504,stu_0072,video,859,true,true,true,4
ph_00529,ses_00504,stu_0072,social,1193,true,true,true,4
ph_00530,ses_00505,stu_0072,game,704,true,true,true,1
ph_00531,ses_00506,stu_0072,social,216,true,true,false,2
ph_00532,ses_00506,stu_0072,game,491,true,true,false,2
ph_00533,ses_00507,stu_0072,social,1355,true,true,true,3
ph_00534,ses_00507,stu_0072,video,729,true,true,true,3
ph_00535,ses_00507,stu_0072,game,1051,true,true,true,3
ph_00536,ses_00508,stu_0072,video,1205,true,true,true,4
ph_00537,ses_00509,stu_0073,video,184,true,true,false,1
ph_00538,ses_00510,stu_0073,game,301,true,true,false,2
ph_00539,ses_00511,stu_0073,video,301,true,true,false,3
ph_00540,ses_00513,stu_0073,education,230,true,false,false,1
ph_00541,ses_00514,stu_0073,video,383,true,true,false,2
ph_00542,ses_00515,stu_0073,video,298,true,true,false,3
ph_00543,ses_00516,stu_0073,social,347,true,true,false,4
ph_00544,ses_00517,stu_0074,social,228,true,true,false,1
ph_00545,ses_00518,stu_0074,education,132,true,false,false,2
ph_00546,ses_00519,stu_0074,video,344,true,true,false,3
ph_00547,ses_00520,stu_0074,education,158,true,false,false,4
ph_00548,ses_00523,stu_0074,video,402,true,true,false,3
ph_00549,ses_00525,stu_0075,video,625,true,true,true,1
ph_00550,ses_00525,stu_0075,video,998,true,true,true,1
ph_00551,ses_00526,stu_0075,other,657,true,false,false,2
ph_00552,ses_00526,stu_0075,video,1426,true,true,true,2
ph_00553,ses_00527,stu_0075,social,673,true,true,true,3
ph_00554,ses_00527,stu_0075,social,619,true,true,true,3
ph_00555,ses_00527,stu_0075,game,1120,true,true,true,3
ph_00556,ses_00528,stu_0075,education,774,true,false,false,4
ph_00557,ses_00528,stu_0075,education,245,true,false,false,4
ph_00558,ses_00529,stu_0075,education,1455,true,false,false,1
ph_00559,ses_00530,stu_0075,game,509,true,true,false,2
ph_00560,ses_00530,stu_0075,video,777,true,true,true,2
ph_00561,ses_00530,stu_0075,social,1375,true,true,true,2
ph_00562,ses_00531,stu_0075,social,282,true,true,false,3
ph_00563,ses_00531,stu_0075,video,565,true,true,false,3
ph_00564,ses_00531,stu_0075,social,607,true,true,true,3
ph_00565,ses_00532,stu_0075,game,1006,true,true,true,4
ph_00566,ses_00532,stu_0075,game,1255,true,true,true,4
ph_00567,ses_00533,stu_0076,social,752,true,true,true,1
ph_00568,ses_00534,stu_0076,social,1045,true,true,true,2
ph_00569,ses_00535,stu_0076,social,233,true,true,false,3
ph_00570,ses_00536,stu_0076,video,786,true,true,true,4
ph_00571,ses_00537,stu_0076,social,804,true,true,true,1
ph_00572,ses_00538,stu_0076,communication,1224,true,false,false,2
ph_00573,ses_00539,stu_0076,video,943,true,true,true,3
ph_00574,ses_00540,stu_0076,game,355,true,true,false,4
ph_00575,ses_00540,stu_0076,social,482,true,true,false,4
ph_00576,ses_00543,stu_0077,other,38,true,false,false,3
ph_00577,ses_00545,stu_0078,social,316,true,true,false,1
ph_00578,ses_00546,stu_0078,education,362,true,false,false,2
ph_00579,ses_00548,stu_0078,video,261,true,true,false,4
ph_00580,ses_00549,stu_0079,game,1260,true,true,true,1
ph_00581,ses_00550,stu_0079,education,712,true,false,false,2
ph_00582,ses_00551,stu_0079,game,1161,true,true,true,3
ph_00583,ses_00551,stu_0079,game,491,true,true,false,3
ph_00584,ses_00552,stu_0079,other,968,true,true,true,4
ph_00585,ses_00552,stu_0079,social,764,true,true,true,4
ph_00586,ses_00553,stu_0079,video,862,true,true,true,1
ph_00587,ses_00553,stu_0079,social,924,true,true,true,1
ph_00588,ses_00553,stu_0079,game,788,true,true,true,1
ph_00589,ses_00554,stu_0079,game,732,true,true,true,2
ph_00590,ses_00555,stu_0079,video,927,true,true,true,3
ph_00591,ses_00555,stu_0079,social,1173,true,true,true,3
ph_00592,ses_00556,stu_0079,video,998,true,true,true,4
ph_00593,ses_00556,stu_0079,other,715,true,false,false,4
ph_00594,ses_00556,stu_0079,other,322,true,true,false,4
ph_00595,ses_00557,stu_0080,game,331,true,true,false,1
ph_00596,ses_00557,stu_0080,game,891,true,true,true,1
ph_00597,ses_00557,stu_0080,social,495,true,true,false,1
ph_00598,ses_00558,stu_0080,other,767,true,false,false,2
ph_00599,ses_00558,stu_0080,other,614,true,false,false,2
ph_00600,ses_00558,stu_0080,education,812,true,false,false,2
ph_00601,ses_00559,stu_0080,video,1254,true,true,true,3
ph_00602,ses_00559,stu_0080,other,1073,true,false,false,3
ph_00603,ses_00559,stu_0080,video,1452,true,true,true,3
ph_00604,ses_00560,stu_0080,education,1357,true,false,false,4
ph_00605,ses_00560,stu_0080,game,207,true,true,false,4
ph_00606,ses_00561,stu_0080,social,861,true,true,true,1
ph_00607,ses_00561,stu_0080,game,683,true,true,true,1
ph_00608,ses_00562,stu_0080,game,550,true,true,false,2
ph_00609,ses_00563,stu_0080,education,1189,true,false,false,3
ph_00610,ses_00563,stu_0080,social,659,true,true,true,3
ph_00611,ses_00563,stu_0080,social,652,true,true,true,3
ph_00612,ses_00564,stu_0080,other,898,true,false,false,4
ph_00613,ses_00564,stu_0080,other,1243,true,true,true,4
ph_00614,ses_00564,stu_0080,social,930,true,true,true,4
ph_00615,ses_00569,stu_0081,social,96,true,true,false,1
ph_00616,ses_00572,stu_0081,social,93,true,true,false,4
ph_00617,ses_00574,stu_0082,social,190,true,true,false,2
ph_00618,ses_00575,stu_0082,game,399,true,true,false,3
ph_00619,ses_00578,stu_0083,education,327,true,false,false,2
ph_00620,ses_00580,stu_0083,education,148,true,false,false,4
ph_00621,ses_00581,stu_0083,education,121,true,false,false,1
ph_00622,ses_00582,stu_0083,social,414,true,true,false,2
ph_00623,ses_00584,stu_0083,social,421,true,true,false,4
ph_00624,ses_00585,stu_0084,social,164,true,true,false,1
ph_00625,ses_00587,stu_0084,communication,328,true,false,false,3
ph_00626,ses_00590,stu_0084,education,49,true,false,false,2
ph_00627,ses_00591,stu_0084,education,331,true,false,false,3
ph_00628,ses_00592,stu_0084,education,383,true,false,false,4
ph_00629,ses_00593,stu_0085,game,678,true,true,true,1
ph_00630,ses_00593,stu_0085,video,907,true,true,true,1
ph_00631,ses_00593,stu_0085,game,1024,true,true,true,1
ph_00632,ses_00594,stu_0085,social,199,true,true,false,2
ph_00633,ses_00594,stu_0085,game,371,true,true,false,2
ph_00634,ses_00594,stu_0085,social,1165,true,true,true,2
ph_00635,ses_00595,stu_0085,other,924,true,false,false,3
ph_00636,ses_00595,stu_0085,game,1364,true,true,true,3
ph_00637,ses_00596,stu_0085,video,1443,true,true,true,4
ph_00638,ses_00597,stu_0085,social,851,true,true,true,1
ph_00639,ses_00597,stu_0085,video,1173,true,true,true,1
ph_00640,ses_00598,stu_0085,social,1163,true,true,true,2
ph_00641,ses_00599,stu_0085,social,1216,true,true,true,3
ph_00642,ses_00600,stu_0085,video,1459,true,true,true,4
ph_00643,ses_00600,stu_0085,video,1184,true,true,true,4
ph_00644,ses_00601,stu_0086,social,464,true,true,false,1
ph_00645,ses_00601,stu_0086,other,976,true,false,false,1
ph_00646,ses_00601,stu_0086,social,1170,true,true,true,1
ph_00647,ses_00602,stu_0086,social,1317,true,true,true,2
ph_00648,ses_00603,stu_0086,game,1111,true,true,true,3
ph_00649,ses_00603,stu_0086,other,692,true,false,false,3
ph_00650,ses_00604,stu_0086,video,1080,true,true,true,4
ph_00651,ses_00604,stu_0086,video,1487,true,true,true,4
ph_00652,ses_00605,stu_0086,video,1077,true,true,true,1
ph_00653,ses_00605,stu_0086,social,344,true,true,false,1
ph_00654,ses_00606,stu_0086,video,644,true,true,true,2
ph_00655,ses_00606,stu_0086,video,836,true,true,true,2
ph_00656,ses_00606,stu_0086,video,990,true,true,true,2
ph_00657,ses_00607,stu_0086,social,1386,true,true,true,3
ph_00658,ses_00608,stu_0086,game,1074,true,true,true,4
ph_00659,ses_00608,stu_0086,social,883,true,true,true,4
ph_00660,ses_00615,stu_0088,other,373,true,false,false,3
ph_00661,ses_00616,stu_0088,video,269,true,true,false,4
ph_00662,ses_00617,stu_0088,video,95,true,true,false,1
ph_00663,ses_00618,stu_0088,communication,343,true,false,false,2
ph_00664,ses_00619,stu_0088,education,281,true,false,false,3
ph_00665,ses_00621,stu_0089,other,32,true,false,false,1
ph_00666,ses_00623,stu_0089,education,84,true,false,false,3
ph_00667,ses_00625,stu_0090,social,997,true,true,true,1
ph_00668,ses_00625,stu_0090,video,471,true,true,false,1
ph_00669,ses_00626,stu_0090,education,497,true,false,false,2
ph_00670,ses_00626,stu_0090,video,547,true,true,false,2
ph_00671,ses_00626,stu_0090,education,1056,true,false,false,2
ph_00672,ses_00627,stu_0090,education,1245,true,false,false,3
ph_00673,ses_00627,stu_0090,game,1074,true,true,true,3
ph_00674,ses_00628,stu_0090,game,681,true,true,true,4
ph_00675,ses_00628,stu_0090,other,730,true,false,false,4
ph_00676,ses_00628,stu_0090,social,902,true,true,true,4
ph_00677,ses_00629,stu_0090,game,1276,true,true,true,1
ph_00678,ses_00630,stu_0090,social,938,true,true,true,2
ph_00679,ses_00630,stu_0090,social,366,true,true,false,2
ph_00680,ses_00630,stu_0090,social,606,true,true,true,2
ph_00681,ses_00631,stu_0090,video,1492,true,true,true,3
ph_00682,ses_00631,stu_0090,education,1364,true,false,false,3
ph_00683,ses_00632,stu_0090,social,355,true,true,false,4
ph_00684,ses_00632,stu_0090,game,594,true,true,false,4
ph_00685,ses_00633,stu_0091,social,350,true,true,false,1
ph_00686,ses_00633,stu_0091,video,635,true,true,true,1
ph_00687,ses_00634,stu_0091,education,608,true,false,false,2
ph_00688,ses_00634,stu_0091,social,1047,true,true,true,2
ph_00689,ses_00634,stu_0091,other,1192,true,false,false,2
ph_00690,ses_00635,stu_0091,video,1137,true,true,true,3
ph_00691,ses_00635,stu_0091,education,662,true,false,false,3
ph_00692,ses_00635,stu_0091,game,612,true,true,true,3
ph_00693,ses_00636,stu_0091,social,817,true,true,true,4
ph_00694,ses_00636,stu_0091,social,765,true,true,true,4
ph_00695,ses_00637,stu_0091,social,1110,true,true,true,1
ph_00696,ses_00637,stu_0091,other,1053,true,false,false,1
ph_00697,ses_00637,stu_0091,social,480,true,true,false,1
ph_00698,ses_00638,stu_0091,video,469,true,true,false,2
ph_00699,ses_00639,stu_0091,game,1105,true,true,true,3
ph_00700,ses_00639,stu_0091,social,394,true,true,false,3
ph_00701,ses_00639,stu_0091,other,547,true,false,false,3
ph_00702,ses_00640,stu_0091,social,829,true,true,true,4
ph_00703,ses_00640,stu_0091,game,963,true,true,true,4
ph_00704,ses_00642,stu_0092,communication,272,true,false,false,2
ph_00705,ses_00644,stu_0092,game,440,true,true,false,4
ph_00706,ses_00645,stu_0092,education,45,true,false,false,1
ph_00707,ses_00646,stu_0092,video,235,true,true,false,2
ph_00708,ses_00649,stu_0093,video,1153,true,true,true,1
ph_00709,ses_00649,stu_0093,social,919,true,true,true,1
ph_00710,ses_00649,stu_0093,game,955,true,true,true,1
ph_00711,ses_00650,stu_0093,video,1349,true,true,true,2
ph_00712,ses_00650,stu_0093,social,1119,true,true,true,2
ph_00713,ses_00651,stu_0093,social,947,true,true,true,3
ph_00714,ses_00651,stu_0093,other,1004,true,false,false,3
ph_00715,ses_00652,stu_0093,social,983,true,true,true,4
ph_00716,ses_00652,stu_0093,game,323,true,true,false,4
ph_00717,ses_00653,stu_0093,education,750,true,false,false,1
ph_00718,ses_00654,stu_0093,game,1293,true,true,true,2
ph_00719,ses_00655,stu_0093,game,1050,true,true,true,3
ph_00720,ses_00655,stu_0093,video,1026,true,true,true,3
ph_00721,ses_00656,stu_0093,social,1141,true,true,true,4
ph_00722,ses_00656,stu_0093,social,633,true,true,true,4
ph_00723,ses_00657,stu_0094,social,276,true,true,false,1
ph_00724,ses_00658,stu_0094,communication,456,true,false,false,2
ph_00725,ses_00659,stu_0094,video,473,true,true,false,3
ph_00726,ses_00660,stu_0094,game,232,true,true,false,4
ph_00727,ses_00663,stu_0094,other,307,true,false,false,3
ph_00728,ses_00665,stu_0095,video,238,true,true,false,1
ph_00729,ses_00666,stu_0095,social,229,true,true,false,2
ph_00730,ses_00667,stu_0095,communication,91,true,false,false,3
ph_00731,ses_00668,stu_0095,communication,227,true,false,false,4
ph_00732,ses_00669,stu_0095,social,354,true,true,false,1
ph_00733,ses_00670,stu_0095,communication,363,true,false,false,2
ph_00734,ses_00677,stu_0097,social,808,true,true,true,1
ph_00735,ses_00678,stu_0097,social,684,true,true,true,2
ph_00736,ses_00678,stu_0097,video,1440,true,true,true,2
ph_00737,ses_00679,stu_0097,social,378,true,true,false,3
ph_00738,ses_00679,stu_0097,game,878,true,true,true,3
ph_00739,ses_00680,stu_0097,other,1135,true,false,false,4
ph_00740,ses_00680,stu_0097,social,1048,true,true,true,4
ph_00741,ses_00681,stu_0097,social,617,true,true,true,1
ph_00742,ses_00681,stu_0097,other,233,true,false,false,1
ph_00743,ses_00682,stu_0097,game,1338,true,true,true,2
ph_00744,ses_00682,stu_0097,social,464,true,true,false,2
ph_00745,ses_00683,stu_0097,communication,1355,true,false,false,3
ph_00746,ses_00684,stu_0097,social,1240,true,true,true,4
ph_00747,ses_00685,stu_0098,social,1048,true,true,true,1
ph_00748,ses_00685,stu_0098,video,243,true,true,false,1
ph_00749,ses_00686,stu_0098,video,1470,true,true,true,2
ph_00750,ses_00687,stu_0098,video,993,true,true,true,3
ph_00751,ses_00687,stu_0098,game,618,true,true,true,3
ph_00752,ses_00687,stu_0098,video,527,true,true,false,3
ph_00753,ses_00688,stu_0098,social,192,true,true,false,4
ph_00754,ses_00689,stu_0098,social,1235,true,true,true,1
ph_00755,ses_00689,stu_0098,game,645,true,true,true,1
ph_00756,ses_00689,stu_0098,social,499,true,true,false,1
ph_00757,ses_00690,stu_0098,social,496,true,true,false,2
ph_00758,ses_00691,stu_0098,social,699,true,true,true,3
ph_00759,ses_00692,stu_0098,video,386,true,true,false,4
ph_00760,ses_00693,stu_0099,communication,33,true,false,false,1
ph_00761,ses_00694,stu_0099,video,353,true,true,false,2
ph_00762,ses_00695,stu_0099,social,483,true,true,false,3
ph_00763,ses_00696,stu_0099,social,461,true,true,false,4
ph_00764,ses_00697,stu_0099,communication,86,true,false,false,1
ph_00765,ses_00702,stu_0100,education,267,true,false,false,2
ph_00766,ses_00705,stu_0100,game,247,true,true,false,1
ph_00767,ses_00707,stu_0100,social,292,true,true,false,3
ph_00768,ses_00708,stu_0100,education,169,true,false,false,4
