survey_response_id,respondent_role,student_id,item_id,answer_code,week_no
srv_00001,student,stu_0001,q_chrono,morning,0
srv_00002,student,stu_0001,q_start_vs_persist,both,0
srv_00003,student,stu_0001,q_phone_reason,boredom,0
srv_00004,student,stu_0001,q_reward,break,0
srv_00005,student,stu_0001,q_anxiety,ask_help,0
srv_00006,parent,stu_0001,qp_strength,disciplined,0
srv_00007,parent,stu_0001,qp_hard_subject,matematik,0
srv_00008,parent,stu_0001,qp_home_routine,quiet_desk,0
srv_00009,parent,stu_0001,qp_what_works,reward,0
srv_00010,student,stu_0001,q_week_dropout_point,night,1
srv_00011,student,stu_0001,q_week_dropout_point,middle,2
srv_00012,student,stu_0002,q_chrono,mixed,0
srv_00013,student,stu_0002,q_start_vs_persist,persist_harder,0
srv_00014,student,stu_0002,q_phone_reason,boredom,0
srv_00015,student,stu_0002,q_reward,break,0
srv_00016,student,stu_0002,q_anxiety,freeze,0
srv_00017,parent,stu_0002,qp_strength,social,0
srv_00018,parent,stu_0002,qp_hard_subject,kimya,0
srv_00019,parent,stu_0002,qp_home_routine,noisy,0
srv_00020,parent,stu_0002,qp_what_works,timer,0
srv_00021,student,stu_0002,q_week_dropout_point,middle,1
srv_00022,student,stu_0002,q_week_dropout_point,phone,2
srv_00023,student,stu_0003,q_chrono,morning,0
srv_00024,student,stu_0003,q_start_vs_persist,persist_harder,0
srv_00025,student,stu_0003,q_phone_reason,social,0
srv_00026,student,stu_0003,q_reward,points,0
srv_00027,student,stu_0003,q_anxiety,ask_help,0
srv_00028,parent,stu_0003,qp_strength,disciplined,0
srv_00029,parent,stu_0003,qp_hard_subject,tarih,0
srv_00030,parent,stu_0003,qp_home_routine,noisy,0
srv_00031,parent,stu_0003,qp_what_works,short_blocks,0
srv_00032,student,stu_0003,q_week_dropout_point,night,1
srv_00033,student,stu_0003,q_week_dropout_point,middle,3
srv_00034,student,stu_0003,q_week_dropout_point,start,4
srv_00035,student,stu_0004,q_chrono,morning,0
srv_00036,student,stu_0004,q_start_vs_persist,both,0
srv_00037,student,stu_0004,q_phone_reason,video,0
srv_00038,student,stu_0004,q_reward,points,0
srv_00039,student,stu_0004,q_anxiety,rush,0
srv_00040,parent,stu_0004,qp_strength,creative,0
srv_00041,parent,stu_0004,qp_hard_subject,fen,0
srv_00042,parent,stu_0004,qp_home_routine,quiet_desk,0
srv_00043,parent,stu_0004,qp_what_works,timer,0
srv_00044,student,stu_0004,q_week_dropout_point,phone,3
srv_00045,student,stu_0005,q_chrono,mixed,0
srv_00046,student,stu_0005,q_start_vs_persist,both,0
srv_00047,student,stu_0005,q_phone_reason,message,0
srv_00048,student,stu_0005,q_reward,parent_praise,0
srv_00049,student,stu_0005,q_anxiety,freeze,0
srv_00050,parent,stu_0005,qp_strength,disciplined,0
srv_00051,parent,stu_0005,qp_hard_subject,fen,0
srv_00052,parent,stu_0005,qp_home_routine,shared_room,0
srv_00053,parent,stu_0005,qp_what_works,together_start,0
srv_00054,student,stu_0005,q_week_dropout_point,night,1
srv_00055,student,stu_0005,q_week_dropout_point,phone,2
srv_00056,student,stu_0005,q_week_dropout_point,night,3
srv_00057,student,stu_0005,q_week_dropout_point,night,4
srv_00058,student,stu_0006,q_chrono,mixed,0
srv_00059,student,stu_0006,q_start_vs_persist,start_harder,0
srv_00060,student,stu_0006,q_phone_reason,message,0
srv_00061,student,stu_0006,q_reward,goal_progress,0
srv_00062,student,stu_0006,q_anxiety,avoid,0
srv_00063,parent,stu_0006,qp_strength,creative,0
srv_00064,parent,stu_0006,qp_hard_subject,tarih,0
srv_00065,parent,stu_0006,qp_home_routine,library,0
srv_00066,parent,stu_0006,qp_what_works,reward,0
srv_00067,student,stu_0006,q_week_dropout_point,start,1
srv_00068,student,stu_0007,q_chrono,evening,0
srv_00069,student,stu_0007,q_start_vs_persist,persist_harder,0
srv_00070,student,stu_0007,q_phone_reason,message,0
srv_00071,student,stu_0007,q_reward,points,0
srv_00072,student,stu_0007,q_anxiety,ask_help,0
srv_00073,parent,stu_0007,qp_strength,curious,0
srv_00074,parent,stu_0007,qp_hard_subject,ingilizce,0
srv_00075,parent,stu_0007,qp_home_routine,quiet_desk,0
srv_00076,parent,stu_0007,qp_what_works,short_blocks,0
srv_00077,student,stu_0007,q_week_dropout_point,anxiety,3
srv_00078,student,stu_0007,q_week_dropout_point,anxiety,4
srv_00079,student,stu_0008,q_chrono,morning,0
srv_00080,student,stu_0008,q_start_vs_persist,both,0
srv_00081,student,stu_0008,q_phone_reason,message,0
srv_00082,student,stu_0008,q_reward,goal_progress,0
srv_00083,student,stu_0008,q_anxiety,ask_help,0
srv_00084,parent,stu_0008,qp_strength,disciplined,0
srv_00085,parent,stu_0008,qp_hard_subject,matematik,0
srv_00086,parent,stu_0008,qp_home_routine,noisy,0
srv_00087,parent,stu_0008,qp_what_works,reward,0
srv_00088,student,stu_0008,q_week_dropout_point,middle,1
srv_00089,student,stu_0008,q_week_dropout_point,night,2
srv_00090,student,stu_0008,q_week_dropout_point,night,3
srv_00091,student,stu_0009,q_chrono,mixed,0
srv_00092,student,stu_0009,q_start_vs_persist,persist_harder,0
srv_00093,student,stu_0009,q_phone_reason,message,0
srv_00094,student,stu_0009,q_reward,break,0
srv_00095,student,stu_0009,q_anxiety,freeze,0
srv_00096,parent,stu_0009,qp_strength,creative,0
srv_00097,parent,stu_0009,qp_hard_subject,fizik,0
srv_00098,parent,stu_0009,qp_home_routine,noisy,0
srv_00099,parent,stu_0009,qp_what_works,together_start,0
srv_00100,student,stu_0009,q_week_dropout_point,middle,1
srv_00101,student,stu_0010,q_chrono,evening,0
srv_00102,student,stu_0010,q_start_vs_persist,persist_harder,0
srv_00103,student,stu_0010,q_phone_reason,game,0
srv_00104,student,stu_0010,q_reward,points,0
srv_00105,student,stu_0010,q_anxiety,ask_help,0
srv_00106,parent,stu_0010,qp_strength,curious,0
srv_00107,parent,stu_0010,qp_hard_subject,kimya,0
srv_00108,parent,stu_0010,qp_home_routine,library,0
srv_00109,parent,stu_0010,qp_what_works,timer,0
srv_00110,student,stu_0010,q_week_dropout_point,anxiety,1
srv_00111,student,stu_0010,q_week_dropout_point,middle,4
srv_00112,student,stu_0011,q_chrono,mixed,0
srv_00113,student,stu_0011,q_start_vs_persist,persist_harder,0
srv_00114,student,stu_0011,q_phone_reason,game,0
srv_00115,student,stu_0011,q_reward,points,0
srv_00116,student,stu_0011,q_anxiety,rush,0
srv_00117,parent,stu_0011,qp_strength,curious,0
srv_00118,parent,stu_0011,qp_hard_subject,fizik,0
srv_00119,parent,stu_0011,qp_home_routine,quiet_desk,0
srv_00120,parent,stu_0011,qp_what_works,timer,0
srv_00121,student,stu_0011,q_week_dropout_point,anxiety,1
srv_00122,student,stu_0011,q_week_dropout_point,phone,2
srv_00123,student,stu_0011,q_week_dropout_point,phone,4
srv_00124,student,stu_0012,q_chrono,morning,0
srv_00125,student,stu_0012,q_start_vs_persist,persist_harder,0
srv_00126,student,stu_0012,q_phone_reason,boredom,0
srv_00127,student,stu_0012,q_reward,goal_progress,0
srv_00128,student,stu_0012,q_anxiety,rush,0
srv_00129,parent,stu_0012,qp_strength,disciplined,0
srv_00130,parent,stu_0012,qp_hard_subject,fizik,0
srv_00131,parent,stu_0012,qp_home_routine,noisy,0
srv_00132,parent,stu_0012,qp_what_works,reward,0
srv_00133,student,stu_0012,q_week_dropout_point,middle,1
srv_00134,student,stu_0012,q_week_dropout_point,phone,3
srv_00135,student,stu_0013,q_chrono,mixed,0
srv_00136,student,stu_0013,q_start_vs_persist,start_harder,0
srv_00137,student,stu_0013,q_phone_reason,video,0
srv_00138,student,stu_0013,q_reward,goal_progress,0
srv_00139,student,stu_0013,q_anxiety,rush,0
srv_00140,parent,stu_0013,qp_strength,social,0
srv_00141,parent,stu_0013,qp_hard_subject,fen,0
srv_00142,parent,stu_0013,qp_home_routine,shared_room,0
srv_00143,parent,stu_0013,qp_what_works,short_blocks,0
srv_00144,student,stu_0013,q_week_dropout_point,start,1
srv_00145,student,stu_0013,q_week_dropout_point,start,2
srv_00146,student,stu_0013,q_week_dropout_point,middle,4
srv_00147,student,stu_0014,q_chrono,mixed,0
srv_00148,student,stu_0014,q_start_vs_persist,persist_harder,0
srv_00149,student,stu_0014,q_phone_reason,video,0
srv_00150,student,stu_0014,q_reward,break,0
srv_00151,student,stu_0014,q_anxiety,ask_help,0
srv_00152,parent,stu_0014,qp_strength,disciplined,0
srv_00153,parent,stu_0014,qp_hard_subject,turkce,0
srv_00154,parent,stu_0014,qp_home_routine,library,0
srv_00155,parent,stu_0014,qp_what_works,short_blocks,0
srv_00156,student,stu_0014,q_week_dropout_point,phone,2
srv_00157,student,stu_0014,q_week_dropout_point,middle,4
srv_00158,student,stu_0015,q_chrono,mixed,0
srv_00159,student,stu_0015,q_start_vs_persist,both,0
srv_00160,student,stu_0015,q_phone_reason,boredom,0
srv_00161,student,stu_0015,q_reward,break,0
srv_00162,student,stu_0015,q_anxiety,ask_help,0
srv_00163,parent,stu_0015,qp_strength,social,0
srv_00164,parent,stu_0015,qp_hard_subject,matematik,0
srv_00165,parent,stu_0015,qp_home_routine,noisy,0
srv_00166,parent,stu_0015,qp_what_works,together_start,0
srv_00167,student,stu_0015,q_week_dropout_point,middle,1
srv_00168,student,stu_0015,q_week_dropout_point,anxiety,2
srv_00169,student,stu_0015,q_week_dropout_point,middle,3
srv_00170,student,stu_0015,q_week_dropout_point,phone,4
srv_00171,student,stu_0016,q_chrono,evening,0
srv_00172,student,stu_0016,q_start_vs_persist,start_harder,0
srv_00173,student,stu_0016,q_phone_reason,boredom,0
srv_00174,student,stu_0016,q_reward,goal_progress,0
srv_00175,student,stu_0016,q_anxiety,avoid,0
srv_00176,parent,stu_0016,qp_strength,disciplined,0
srv_00177,parent,stu_0016,qp_hard_subject,ingilizce,0
srv_00178,parent,stu_0016,qp_home_routine,noisy,0
srv_00179,parent,stu_0016,qp_what_works,timer,0
srv_00180,student,stu_0017,q_chrono,mixed,0
srv_00181,student,stu_0017,q_start_vs_persist,both,0
srv_00182,student,stu_0017,q_phone_reason,game,0
srv_00183,student,stu_0017,q_reward,break,0
srv_00184,student,stu_0017,q_anxiety,avoid,0
srv_00185,parent,stu_0017,qp_strength,creative,0
srv_00186,parent,stu_0017,qp_hard_subject,matematik,0
srv_00187,parent,stu_0017,qp_home_routine,shared_room,0
srv_00188,parent,stu_0017,qp_what_works,timer,0
srv_00189,student,stu_0017,q_week_dropout_point,phone,1
srv_00190,student,stu_0017,q_week_dropout_point,night,2
srv_00191,student,stu_0017,q_week_dropout_point,middle,3
srv_00192,student,stu_0018,q_chrono,mixed,0
srv_00193,student,stu_0018,q_start_vs_persist,both,0
srv_00194,student,stu_0018,q_phone_reason,video,0
srv_00195,student,stu_0018,q_reward,points,0
srv_00196,student,stu_0018,q_anxiety,avoid,0
srv_00197,parent,stu_0018,qp_strength,curious,0
srv_00198,parent,stu_0018,qp_hard_subject,tarih,0
srv_00199,parent,stu_0018,qp_home_routine,quiet_desk,0
srv_00200,parent,stu_0018,qp_what_works,timer,0
srv_00201,student,stu_0018,q_week_dropout_point,middle,2
srv_00202,student,stu_0018,q_week_dropout_point,middle,3
srv_00203,student,stu_0018,q_week_dropout_point,night,4
srv_00204,student,stu_0019,q_chrono,evening,0
srv_00205,student,stu_0019,q_start_vs_persist,both,0
srv_00206,student,stu_0019,q_phone_reason,message,0
srv_00207,student,stu_0019,q_reward,points,0
srv_00208,student,stu_0019,q_anxiety,avoid,0
srv_00209,parent,stu_0019,qp_strength,social,0
srv_00210,parent,stu_0019,qp_hard_subject,ingilizce,0
srv_00211,parent,stu_0019,qp_home_routine,noisy,0
srv_00212,parent,stu_0019,qp_what_works,reward,0
srv_00213,student,stu_0019,q_week_dropout_point,night,2
srv_00214,student,stu_0019,q_week_dropout_point,phone,3
srv_00215,student,stu_0019,q_week_dropout_point,start,4
srv_00216,student,stu_0020,q_chrono,mixed,0
srv_00217,student,stu_0020,q_start_vs_persist,both,0
srv_00218,student,stu_0020,q_phone_reason,social,0
srv_00219,student,stu_0020,q_reward,points,0
srv_00220,student,stu_0020,q_anxiety,avoid,0
srv_00221,parent,stu_0020,qp_strength,social,0
srv_00222,parent,stu_0020,qp_hard_subject,fizik,0
srv_00223,parent,stu_0020,qp_home_routine,library,0
srv_00224,parent,stu_0020,qp_what_works,short_blocks,0
srv_00225,student,stu_0020,q_week_dropout_point,middle,1
srv_00226,student,stu_0020,q_week_dropout_point,night,2
srv_00227,student,stu_0020,q_week_dropout_point,phone,3
srv_00228,student,stu_0021,q_chrono,evening,0
srv_00229,student,stu_0021,q_start_vs_persist,persist_harder,0
srv_00230,student,stu_0021,q_phone_reason,boredom,0
srv_00231,student,stu_0021,q_reward,goal_progress,0
srv_00232,student,stu_0021,q_anxiety,avoid,0
srv_00233,parent,stu_0021,qp_strength,creative,0
srv_00234,parent,stu_0021,qp_hard_subject,fen,0
srv_00235,parent,stu_0021,qp_home_routine,shared_room,0
srv_00236,parent,stu_0021,qp_what_works,timer,0
srv_00237,student,stu_0021,q_week_dropout_point,anxiety,1
srv_00238,student,stu_0021,q_week_dropout_point,phone,4
srv_00239,student,stu_0022,q_chrono,morning,0
srv_00240,student,stu_0022,q_start_vs_persist,both,0
srv_00241,student,stu_0022,q_phone_reason,boredom,0
srv_00242,student,stu_0022,q_reward,points,0
srv_00243,student,stu_0022,q_anxiety,avoid,0
srv_00244,parent,stu_0022,qp_strength,social,0
srv_00245,parent,stu_0022,qp_hard_subject,kimya,0
srv_00246,parent,stu_0022,qp_home_routine,library,0
srv_00247,parent,stu_0022,qp_what_works,timer,0
srv_00248,student,stu_0022,q_week_dropout_point,night,3
srv_00249,student,stu_0022,q_week_dropout_point,start,4
srv_00250,student,stu_0023,q_chrono,mixed,0
srv_00251,student,stu_0023,q_start_vs_persist,persist_harder,0
srv_00252,student,stu_0023,q_phone_reason,message,0
srv_00253,student,stu_0023,q_reward,points,0
srv_00254,student,stu_0023,q_anxiety,rush,0
srv_00255,parent,stu_0023,qp_strength,creative,0
srv_00256,parent,stu_0023,qp_hard_subject,turkce,0
srv_00257,parent,stu_0023,qp_home_routine,library,0
srv_00258,parent,stu_0023,qp_what_works,reward,0
srv_00259,student,stu_0023,q_week_dropout_point,middle,2
srv_00260,student,stu_0024,q_chrono,evening,0
srv_00261,student,stu_0024,q_start_vs_persist,start_harder,0
srv_00262,student,stu_0024,q_phone_reason,boredom,0
srv_00263,student,stu_0024,q_reward,goal_progress,0
srv_00264,student,stu_0024,q_anxiety,avoid,0
srv_00265,parent,stu_0024,qp_strength,disciplined,0
srv_00266,parent,stu_0024,qp_hard_subject,matematik,0
srv_00267,parent,stu_0024,qp_home_routine,shared_room,0
srv_00268,parent,stu_0024,qp_what_works,reward,0
srv_00269,student,stu_0024,q_week_dropout_point,night,1
srv_00270,student,stu_0024,q_week_dropout_point,phone,2
srv_00271,student,stu_0024,q_week_dropout_point,anxiety,3
srv_00272,student,stu_0024,q_week_dropout_point,anxiety,4
srv_00273,student,stu_0025,q_chrono,mixed,0
srv_00274,student,stu_0025,q_start_vs_persist,both,0
srv_00275,student,stu_0025,q_phone_reason,social,0
srv_00276,student,stu_0025,q_reward,points,0
srv_00277,student,stu_0025,q_anxiety,rush,0
srv_00278,parent,stu_0025,qp_strength,disciplined,0
srv_00279,parent,stu_0025,qp_hard_subject,turkce,0
srv_00280,parent,stu_0025,qp_home_routine,shared_room,0
srv_00281,parent,stu_0025,qp_what_works,short_blocks,0
srv_00282,student,stu_0025,q_week_dropout_point,night,2
srv_00283,student,stu_0025,q_week_dropout_point,anxiety,3
srv_00284,student,stu_0026,q_chrono,evening,0
srv_00285,student,stu_0026,q_start_vs_persist,persist_harder,0
srv_00286,student,stu_0026,q_phone_reason,message,0
srv_00287,student,stu_0026,q_reward,break,0
srv_00288,student,stu_0026,q_anxiety,avoid,0
srv_00289,parent,stu_0026,qp_strength,curious,0
srv_00290,parent,stu_0026,qp_hard_subject,fizik,0
srv_00291,parent,stu_0026,qp_home_routine,library,0
srv_00292,parent,stu_0026,qp_what_works,reward,0
srv_00293,student,stu_0026,q_week_dropout_point,phone,1
srv_00294,student,stu_0026,q_week_dropout_point,middle,2
srv_00295,student,stu_0026,q_week_dropout_point,anxiety,3
srv_00296,student,stu_0026,q_week_dropout_point,phone,4
srv_00297,student,stu_0027,q_chrono,mixed,0
srv_00298,student,stu_0027,q_start_vs_persist,start_harder,0
srv_00299,student,stu_0027,q_phone_reason,video,0
srv_00300,student,stu_0027,q_reward,goal_progress,0
srv_00301,student,stu_0027,q_anxiety,rush,0
srv_00302,parent,stu_0027,qp_strength,creative,0
srv_00303,parent,stu_0027,qp_hard_subject,fen,0
srv_00304,parent,stu_0027,qp_home_routine,quiet_desk,0
srv_00305,parent,stu_0027,qp_what_works,reward,0
srv_00306,student,stu_0028,q_chrono,mixed,0
srv_00307,student,stu_0028,q_start_vs_persist,both,0
srv_00308,student,stu_0028,q_phone_reason,message,0
srv_00309,student,stu_0028,q_reward,parent_praise,0
srv_00310,student,stu_0028,q_anxiety,ask_help,0
srv_00311,parent,stu_0028,qp_strength,disciplined,0
srv_00312,parent,stu_0028,qp_hard_subject,matematik,0
srv_00313,parent,stu_0028,qp_home_routine,quiet_desk,0
srv_00314,parent,stu_0028,qp_what_works,together_start,0
srv_00315,student,stu_0028,q_week_dropout_point,night,1
srv_00316,student,stu_0028,q_week_dropout_point,phone,4
srv_00317,student,stu_0029,q_chrono,evening,0
srv_00318,student,stu_0029,q_start_vs_persist,persist_harder,0
srv_00319,student,stu_0029,q_phone_reason,message,0
srv_00320,student,stu_0029,q_reward,points,0
srv_00321,student,stu_0029,q_anxiety,rush,0
srv_00322,parent,stu_0029,qp_strength,disciplined,0
srv_00323,parent,stu_0029,qp_hard_subject,fizik,0
srv_00324,parent,stu_0029,qp_home_routine,shared_room,0
srv_00325,parent,stu_0029,qp_what_works,together_start,0
srv_00326,student,stu_0029,q_week_dropout_point,phone,1
srv_00327,student,stu_0029,q_week_dropout_point,phone,2
srv_00328,student,stu_0030,q_chrono,mixed,0
srv_00329,student,stu_0030,q_start_vs_persist,persist_harder,0
srv_00330,student,stu_0030,q_phone_reason,message,0
srv_00331,student,stu_0030,q_reward,goal_progress,0
srv_00332,student,stu_0030,q_anxiety,ask_help,0
srv_00333,parent,stu_0030,qp_strength,disciplined,0
srv_00334,parent,stu_0030,qp_hard_subject,fizik,0
srv_00335,parent,stu_0030,qp_home_routine,quiet_desk,0
srv_00336,parent,stu_0030,qp_what_works,short_blocks,0
srv_00337,student,stu_0030,q_week_dropout_point,phone,2
srv_00338,student,stu_0030,q_week_dropout_point,anxiety,3
srv_00339,student,stu_0030,q_week_dropout_point,start,4
srv_00340,student,stu_0031,q_chrono,mixed,0
srv_00341,student,stu_0031,q_start_vs_persist,start_harder,0
srv_00342,student,stu_0031,q_phone_reason,video,0
srv_00343,student,stu_0031,q_reward,points,0
srv_00344,student,stu_0031,q_anxiety,rush,0
srv_00345,parent,stu_0031,qp_strength,disciplined,0
srv_00346,parent,stu_0031,qp_hard_subject,fizik,0
srv_00347,parent,stu_0031,qp_home_routine,noisy,0
srv_00348,parent,stu_0031,qp_what_works,together_start,0
srv_00349,student,stu_0031,q_week_dropout_point,middle,1
srv_00350,student,stu_0031,q_week_dropout_point,phone,2
srv_00351,student,stu_0032,q_chrono,evening,0
srv_00352,student,stu_0032,q_start_vs_persist,both,0
srv_00353,student,stu_0032,q_phone_reason,social,0
srv_00354,student,stu_0032,q_reward,points,0
srv_00355,student,stu_0032,q_anxiety,ask_help,0
srv_00356,parent,stu_0032,qp_strength,creative,0
srv_00357,parent,stu_0032,qp_hard_subject,matematik,0
srv_00358,parent,stu_0032,qp_home_routine,shared_room,0
srv_00359,parent,stu_0032,qp_what_works,short_blocks,0
srv_00360,student,stu_0032,q_week_dropout_point,start,2
srv_00361,student,stu_0033,q_chrono,morning,0
srv_00362,student,stu_0033,q_start_vs_persist,start_harder,0
srv_00363,student,stu_0033,q_phone_reason,video,0
srv_00364,student,stu_0033,q_reward,goal_progress,0
srv_00365,student,stu_0033,q_anxiety,rush,0
srv_00366,parent,stu_0033,qp_strength,disciplined,0
srv_00367,parent,stu_0033,qp_hard_subject,fen,0
srv_00368,parent,stu_0033,qp_home_routine,quiet_desk,0
srv_00369,parent,stu_0033,qp_what_works,short_blocks,0
srv_00370,student,stu_0033,q_week_dropout_point,phone,1
srv_00371,student,stu_0033,q_week_dropout_point,night,2
srv_00372,student,stu_0033,q_week_dropout_point,middle,3
srv_00373,student,stu_0033,q_week_dropout_point,start,4
srv_00374,student,stu_0034,q_chrono,morning,0
srv_00375,student,stu_0034,q_start_vs_persist,persist_harder,0
srv_00376,student,stu_0034,q_phone_reason,social,0
srv_00377,student,stu_0034,q_reward,goal_progress,0
srv_00378,student,stu_0034,q_anxiety,rush,0
srv_00379,parent,stu_0034,qp_strength,disciplined,0
srv_00380,parent,stu_0034,qp_hard_subject,turkce,0
srv_00381,parent,stu_0034,qp_home_routine,shared_room,0
srv_00382,parent,stu_0034,qp_what_works,short_blocks,0
srv_00383,student,stu_0034,q_week_dropout_point,start,1
srv_00384,student,stu_0034,q_week_dropout_point,phone,3
srv_00385,student,stu_0034,q_week_dropout_point,middle,4
srv_00386,student,stu_0035,q_chrono,morning,0
srv_00387,student,stu_0035,q_start_vs_persist,persist_harder,0
srv_00388,student,stu_0035,q_phone_reason,video,0
srv_00389,student,stu_0035,q_reward,goal_progress,0
srv_00390,student,stu_0035,q_anxiety,rush,0
srv_00391,parent,stu_0035,qp_strength,disciplined,0
srv_00392,parent,stu_0035,qp_hard_subject,matematik,0
srv_00393,parent,stu_0035,qp_home_routine,shared_room,0
srv_00394,parent,stu_0035,qp_what_works,together_start,0
srv_00395,student,stu_0035,q_week_dropout_point,phone,3
srv_00396,student,stu_0035,q_week_dropout_point,middle,4
srv_00397,student,stu_0036,q_chrono,evening,0
srv_00398,student,stu_0036,q_start_vs_persist,start_harder,0
srv_00399,student,stu_0036,q_phone_reason,social,0
srv_00400,student,stu_0036,q_reward,goal_progress,0
srv_00401,student,stu_0036,q_anxiety,freeze,0
srv_00402,parent,stu_0036,qp_strength,curious,0
srv_00403,parent,stu_0036,qp_hard_subject,ingilizce,0
srv_00404,parent,stu_0036,qp_home_routine,library,0
srv_00405,parent,stu_0036,qp_what_works,short_blocks,0
srv_00406,student,stu_0036,q_week_dropout_point,anxiety,1
srv_00407,student,stu_0036,q_week_dropout_point,middle,3
srv_00408,student,stu_0037,q_chrono,evening,0
srv_00409,student,stu_0037,q_start_vs_persist,both,0
srv_00410,student,stu_0037,q_phone_reason,video,0
srv_00411,student,stu_0037,q_reward,points,0
srv_00412,student,stu_0037,q_anxiety,avoid,0
srv_00413,parent,stu_0037,qp_strength,disciplined,0
srv_00414,parent,stu_0037,qp_hard_subject,turkce,0
srv_00415,parent,stu_0037,qp_home_routine,shared_room,0
srv_00416,parent,stu_0037,qp_what_works,together_start,0
srv_00417,student,stu_0038,q_chrono,morning,0
srv_00418,student,stu_0038,q_start_vs_persist,start_harder,0
srv_00419,student,stu_0038,q_phone_reason,boredom,0
srv_00420,student,stu_0038,q_reward,points,0
srv_00421,student,stu_0038,q_anxiety,freeze,0
srv_00422,parent,stu_0038,qp_strength,social,0
srv_00423,parent,stu_0038,qp_hard_subject,matematik,0
srv_00424,parent,stu_0038,qp_home_routine,noisy,0
srv_00425,parent,stu_0038,qp_what_works,short_blocks,0
srv_00426,student,stu_0038,q_week_dropout_point,phone,2
srv_00427,student,stu_0038,q_week_dropout_point,middle,3
srv_00428,student,stu_0039,q_chrono,mixed,0
srv_00429,student,stu_0039,q_start_vs_persist,start_harder,0
srv_00430,student,stu_0039,q_phone_reason,game,0
srv_00431,student,stu_0039,q_reward,goal_progress,0
srv_00432,student,stu_0039,q_anxiety,freeze,0
srv_00433,parent,stu_0039,qp_strength,disciplined,0
srv_00434,parent,stu_0039,qp_hard_subject,fen,0
srv_00435,parent,stu_0039,qp_home_routine,quiet_desk,0
srv_00436,parent,stu_0039,qp_what_works,together_start,0
srv_00437,student,stu_0039,q_week_dropout_point,start,1
srv_00438,student,stu_0039,q_week_dropout_point,middle,2
srv_00439,student,stu_0039,q_week_dropout_point,start,4
srv_00440,student,stu_0040,q_chrono,evening,0
srv_00441,student,stu_0040,q_start_vs_persist,both,0
srv_00442,student,stu_0040,q_phone_reason,message,0
srv_00443,student,stu_0040,q_reward,points,0
srv_00444,student,stu_0040,q_anxiety,ask_help,0
srv_00445,parent,stu_0040,qp_strength,social,0
srv_00446,parent,stu_0040,qp_hard_subject,matematik,0
srv_00447,parent,stu_0040,qp_home_routine,library,0
srv_00448,parent,stu_0040,qp_what_works,timer,0
srv_00449,student,stu_0041,q_chrono,evening,0
srv_00450,student,stu_0041,q_start_vs_persist,start_harder,0
srv_00451,student,stu_0041,q_phone_reason,video,0
srv_00452,student,stu_0041,q_reward,parent_praise,0
srv_00453,student,stu_0041,q_anxiety,rush,0
srv_00454,parent,stu_0041,qp_strength,social,0
srv_00455,parent,stu_0041,qp_hard_subject,kimya,0
srv_00456,parent,stu_0041,qp_home_routine,library,0
srv_00457,parent,stu_0041,qp_what_works,timer,0
srv_00458,student,stu_0041,q_week_dropout_point,phone,2
srv_00459,student,stu_0041,q_week_dropout_point,phone,4
srv_00460,student,stu_0042,q_chrono,morning,0
srv_00461,student,stu_0042,q_start_vs_persist,persist_harder,0
srv_00462,student,stu_0042,q_phone_reason,game,0
srv_00463,student,stu_0042,q_reward,points,0
srv_00464,student,stu_0042,q_anxiety,freeze,0
srv_00465,parent,stu_0042,qp_strength,curious,0
srv_00466,parent,stu_0042,qp_hard_subject,fen,0
srv_00467,parent,stu_0042,qp_home_routine,noisy,0
srv_00468,parent,stu_0042,qp_what_works,together_start,0
srv_00469,student,stu_0042,q_week_dropout_point,anxiety,1
srv_00470,student,stu_0042,q_week_dropout_point,middle,3
srv_00471,student,stu_0042,q_week_dropout_point,night,4
srv_00472,student,stu_0043,q_chrono,morning,0
srv_00473,student,stu_0043,q_start_vs_persist,both,0
srv_00474,student,stu_0043,q_phone_reason,game,0
srv_00475,student,stu_0043,q_reward,parent_praise,0
srv_00476,student,stu_0043,q_anxiety,freeze,0
srv_00477,parent,stu_0043,qp_strength,social,0
srv_00478,parent,stu_0043,qp_hard_subject,kimya,0
srv_00479,parent,stu_0043,qp_home_routine,shared_room,0
srv_00480,parent,stu_0043,qp_what_works,timer,0
srv_00481,student,stu_0043,q_week_dropout_point,phone,3
srv_00482,student,stu_0043,q_week_dropout_point,start,4
srv_00483,student,stu_0044,q_chrono,morning,0
srv_00484,student,stu_0044,q_start_vs_persist,persist_harder,0
srv_00485,student,stu_0044,q_phone_reason,video,0
srv_00486,student,stu_0044,q_reward,parent_praise,0
srv_00487,student,stu_0044,q_anxiety,ask_help,0
srv_00488,parent,stu_0044,qp_strength,disciplined,0
srv_00489,parent,stu_0044,qp_hard_subject,matematik,0
srv_00490,parent,stu_0044,qp_home_routine,quiet_desk,0
srv_00491,parent,stu_0044,qp_what_works,timer,0
srv_00492,student,stu_0044,q_week_dropout_point,phone,3
srv_00493,student,stu_0045,q_chrono,evening,0
srv_00494,student,stu_0045,q_start_vs_persist,persist_harder,0
srv_00495,student,stu_0045,q_phone_reason,social,0
srv_00496,student,stu_0045,q_reward,break,0
srv_00497,student,stu_0045,q_anxiety,freeze,0
srv_00498,parent,stu_0045,qp_strength,social,0
srv_00499,parent,stu_0045,qp_hard_subject,ingilizce,0
srv_00500,parent,stu_0045,qp_home_routine,shared_room,0
srv_00501,parent,stu_0045,qp_what_works,short_blocks,0
srv_00502,student,stu_0045,q_week_dropout_point,start,2
srv_00503,student,stu_0046,q_chrono,morning,0
srv_00504,student,stu_0046,q_start_vs_persist,persist_harder,0
srv_00505,student,stu_0046,q_phone_reason,message,0
srv_00506,student,stu_0046,q_reward,parent_praise,0
srv_00507,student,stu_0046,q_anxiety,rush,0
srv_00508,parent,stu_0046,qp_strength,creative,0
srv_00509,parent,stu_0046,qp_hard_subject,kimya,0
srv_00510,parent,stu_0046,qp_home_routine,shared_room,0
srv_00511,parent,stu_0046,qp_what_works,reward,0
srv_00512,student,stu_0046,q_week_dropout_point,night,1
srv_00513,student,stu_0046,q_week_dropout_point,night,2
srv_00514,student,stu_0047,q_chrono,mixed,0
srv_00515,student,stu_0047,q_start_vs_persist,persist_harder,0
srv_00516,student,stu_0047,q_phone_reason,game,0
srv_00517,student,stu_0047,q_reward,break,0
srv_00518,student,stu_0047,q_anxiety,rush,0
srv_00519,parent,stu_0047,qp_strength,curious,0
srv_00520,parent,stu_0047,qp_hard_subject,kimya,0
srv_00521,parent,stu_0047,qp_home_routine,quiet_desk,0
srv_00522,parent,stu_0047,qp_what_works,together_start,0
srv_00523,student,stu_0047,q_week_dropout_point,night,2
srv_00524,student,stu_0048,q_chrono,mixed,0
srv_00525,student,stu_0048,q_start_vs_persist,start_harder,0
srv_00526,student,stu_0048,q_phone_reason,message,0
srv_00527,student,stu_0048,q_reward,break,0
srv_00528,student,stu_0048,q_anxiety,ask_help,0
srv_00529,parent,stu_0048,qp_strength,social,0
srv_00530,parent,stu_0048,qp_hard_subject,ingilizce,0
srv_00531,parent,stu_0048,qp_home_routine,noisy,0
srv_00532,parent,stu_0048,qp_what_works,reward,0
srv_00533,student,stu_0048,q_week_dropout_point,phone,1
srv_00534,student,stu_0048,q_week_dropout_point,anxiety,2
srv_00535,student,stu_0048,q_week_dropout_point,middle,4
srv_00536,student,stu_0049,q_chrono,morning,0
srv_00537,student,stu_0049,q_start_vs_persist,both,0
srv_00538,student,stu_0049,q_phone_reason,boredom,0
srv_00539,student,stu_0049,q_reward,break,0
srv_00540,student,stu_0049,q_anxiety,freeze,0
srv_00541,parent,stu_0049,qp_strength,curious,0
srv_00542,parent,stu_0049,qp_hard_subject,fizik,0
srv_00543,parent,stu_0049,qp_home_routine,shared_room,0
srv_00544,parent,stu_0049,qp_what_works,short_blocks,0
srv_00545,student,stu_0049,q_week_dropout_point,anxiety,2
srv_00546,student,stu_0050,q_chrono,mixed,0
srv_00547,student,stu_0050,q_start_vs_persist,start_harder,0
srv_00548,student,stu_0050,q_phone_reason,boredom,0
srv_00549,student,stu_0050,q_reward,parent_praise,0
srv_00550,student,stu_0050,q_anxiety,rush,0
srv_00551,parent,stu_0050,qp_strength,creative,0
srv_00552,parent,stu_0050,qp_hard_subject,turkce,0
srv_00553,parent,stu_0050,qp_home_routine,quiet_desk,0
srv_00554,parent,stu_0050,qp_what_works,together_start,0
srv_00555,student,stu_0050,q_week_dropout_point,middle,1
srv_00556,student,stu_0050,q_week_dropout_point,phone,4
srv_00557,student,stu_0051,q_chrono,morning,0
srv_00558,student,stu_0051,q_start_vs_persist,both,0
srv_00559,student,stu_0051,q_phone_reason,game,0
srv_00560,student,stu_0051,q_reward,parent_praise,0
srv_00561,student,stu_0051,q_anxiety,ask_help,0
srv_00562,parent,stu_0051,qp_strength,creative,0
srv_00563,parent,stu_0051,qp_hard_subject,tarih,0
srv_00564,parent,stu_0051,qp_home_routine,quiet_desk,0
srv_00565,parent,stu_0051,qp_what_works,timer,0
srv_00566,student,stu_0051,q_week_dropout_point,night,2
srv_00567,student,stu_0051,q_week_dropout_point,phone,4
srv_00568,student,stu_0052,q_chrono,evening,0
srv_00569,student,stu_0052,q_start_vs_persist,both,0
srv_00570,student,stu_0052,q_phone_reason,game,0
srv_00571,student,stu_0052,q_reward,points,0
srv_00572,student,stu_0052,q_anxiety,rush,0
srv_00573,parent,stu_0052,qp_strength,curious,0
srv_00574,parent,stu_0052,qp_hard_subject,fizik,0
srv_00575,parent,stu_0052,qp_home_routine,noisy,0
srv_00576,parent,stu_0052,qp_what_works,short_blocks,0
srv_00577,student,stu_0052,q_week_dropout_point,anxiety,2
srv_00578,student,stu_0052,q_week_dropout_point,start,3
srv_00579,student,stu_0052,q_week_dropout_point,night,4
srv_00580,student,stu_0053,q_chrono,evening,0
srv_00581,student,stu_0053,q_start_vs_persist,both,0
srv_00582,student,stu_0053,q_phone_reason,video,0
srv_00583,student,stu_0053,q_reward,parent_praise,0
srv_00584,student,stu_0053,q_anxiety,ask_help,0
srv_00585,parent,stu_0053,qp_strength,curious,0
srv_00586,parent,stu_0053,qp_hard_subject,tarih,0
srv_00587,parent,stu_0053,qp_home_routine,library,0
srv_00588,parent,stu_0053,qp_what_works,reward,0
srv_00589,student,stu_0053,q_week_dropout_point,night,1
srv_00590,student,stu_0053,q_week_dropout_point,phone,2
srv_00591,student,stu_0054,q_chrono,morning,0
srv_00592,student,stu_0054,q_start_vs_persist,both,0
srv_00593,student,stu_0054,q_phone_reason,social,0
srv_00594,student,stu_0054,q_reward,break,0
srv_00595,student,stu_0054,q_anxiety,rush,0
srv_00596,parent,stu_0054,qp_strength,social,0
srv_00597,parent,stu_0054,qp_hard_subject,fen,0
srv_00598,parent,stu_0054,qp_home_routine,noisy,0
srv_00599,parent,stu_0054,qp_what_works,reward,0
srv_00600,student,stu_0054,q_week_dropout_point,anxiety,2
srv_00601,student,stu_0054,q_week_dropout_point,anxiety,4
srv_00602,student,stu_0055,q_chrono,morning,0
srv_00603,student,stu_0055,q_start_vs_persist,both,0
srv_00604,student,stu_0055,q_phone_reason,message,0
srv_00605,student,stu_0055,q_reward,break,0
srv_00606,student,stu_0055,q_anxiety,freeze,0
srv_00607,parent,stu_0055,qp_strength,creative,0
srv_00608,parent,stu_0055,qp_hard_subject,fen,0
srv_00609,parent,stu_0055,qp_home_routine,noisy,0
srv_00610,parent,stu_0055,qp_what_works,short_blocks,0
srv_00611,student,stu_0055,q_week_dropout_point,middle,4
srv_00612,student,stu_0056,q_chrono,mixed,0
srv_00613,student,stu_0056,q_start_vs_persist,both,0
srv_00614,student,stu_0056,q_phone_reason,video,0
srv_00615,student,stu_0056,q_reward,goal_progress,0
srv_00616,student,stu_0056,q_anxiety,rush,0
srv_00617,parent,stu_0056,qp_strength,social,0
srv_00618,parent,stu_0056,qp_hard_subject,ingilizce,0
srv_00619,parent,stu_0056,qp_home_routine,quiet_desk,0
srv_00620,parent,stu_0056,qp_what_works,short_blocks,0
srv_00621,student,stu_0056,q_week_dropout_point,middle,1
srv_00622,student,stu_0056,q_week_dropout_point,phone,2
srv_00623,student,stu_0056,q_week_dropout_point,start,3
srv_00624,student,stu_0056,q_week_dropout_point,phone,4
srv_00625,student,stu_0057,q_chrono,morning,0
srv_00626,student,stu_0057,q_start_vs_persist,start_harder,0
srv_00627,student,stu_0057,q_phone_reason,message,0
srv_00628,student,stu_0057,q_reward,break,0
srv_00629,student,stu_0057,q_anxiety,freeze,0
srv_00630,parent,stu_0057,qp_strength,social,0
srv_00631,parent,stu_0057,qp_hard_subject,ingilizce,0
srv_00632,parent,stu_0057,qp_home_routine,shared_room,0
srv_00633,parent,stu_0057,qp_what_works,timer,0
srv_00634,student,stu_0057,q_week_dropout_point,middle,3
srv_00635,student,stu_0058,q_chrono,mixed,0
srv_00636,student,stu_0058,q_start_vs_persist,start_harder,0
srv_00637,student,stu_0058,q_phone_reason,video,0
srv_00638,student,stu_0058,q_reward,parent_praise,0
srv_00639,student,stu_0058,q_anxiety,ask_help,0
srv_00640,parent,stu_0058,qp_strength,disciplined,0
srv_00641,parent,stu_0058,qp_hard_subject,fizik,0
srv_00642,parent,stu_0058,qp_home_routine,library,0
srv_00643,parent,stu_0058,qp_what_works,short_blocks,0
srv_00644,student,stu_0058,q_week_dropout_point,anxiety,1
srv_00645,student,stu_0059,q_chrono,mixed,0
srv_00646,student,stu_0059,q_start_vs_persist,both,0
srv_00647,student,stu_0059,q_phone_reason,game,0
srv_00648,student,stu_0059,q_reward,parent_praise,0
srv_00649,student,stu_0059,q_anxiety,freeze,0
srv_00650,parent,stu_0059,qp_strength,curious,0
srv_00651,parent,stu_0059,qp_hard_subject,turkce,0
srv_00652,parent,stu_0059,qp_home_routine,library,0
srv_00653,parent,stu_0059,qp_what_works,timer,0
srv_00654,student,stu_0059,q_week_dropout_point,start,2
srv_00655,student,stu_0059,q_week_dropout_point,middle,3
srv_00656,student,stu_0060,q_chrono,morning,0
srv_00657,student,stu_0060,q_start_vs_persist,start_harder,0
srv_00658,student,stu_0060,q_phone_reason,social,0
srv_00659,student,stu_0060,q_reward,points,0
srv_00660,student,stu_0060,q_anxiety,freeze,0
srv_00661,parent,stu_0060,qp_strength,creative,0
srv_00662,parent,stu_0060,qp_hard_subject,turkce,0
srv_00663,parent,stu_0060,qp_home_routine,quiet_desk,0
srv_00664,parent,stu_0060,qp_what_works,timer,0
srv_00665,student,stu_0061,q_chrono,mixed,0
srv_00666,student,stu_0061,q_start_vs_persist,persist_harder,0
srv_00667,student,stu_0061,q_phone_reason,boredom,0
srv_00668,student,stu_0061,q_reward,points,0
srv_00669,student,stu_0061,q_anxiety,avoid,0
srv_00670,parent,stu_0061,qp_strength,creative,0
srv_00671,parent,stu_0061,qp_hard_subject,kimya,0
srv_00672,parent,stu_0061,qp_home_routine,noisy,0
srv_00673,parent,stu_0061,qp_what_works,together_start,0
srv_00674,student,stu_0061,q_week_dropout_point,anxiety,2
srv_00675,student,stu_0061,q_week_dropout_point,start,3
srv_00676,student,stu_0062,q_chrono,mixed,0
srv_00677,student,stu_0062,q_start_vs_persist,start_harder,0
srv_00678,student,stu_0062,q_phone_reason,game,0
srv_00679,student,stu_0062,q_reward,break,0
srv_00680,student,stu_0062,q_anxiety,ask_help,0
srv_00681,parent,stu_0062,qp_strength,creative,0
srv_00682,parent,stu_0062,qp_hard_subject,kimya,0
srv_00683,parent,stu_0062,qp_home_routine,quiet_desk,0
srv_00684,parent,stu_0062,qp_what_works,reward,0
srv_00685,student,stu_0062,q_week_dropout_point,anxiety,1
srv_00686,student,stu_0062,q_week_dropout_point,phone,2
srv_00687,student,stu_0062,q_week_dropout_point,night,3
srv_00688,student,stu_0063,q_chrono,morning,0
srv_00689,student,stu_0063,q_start_vs_persist,start_harder,0
srv_00690,student,stu_0063,q_phone_reason,video,0
srv_00691,student,stu_0063,q_reward,points,0
srv_00692,student,stu_0063,q_anxiety,freeze,0
srv_00693,parent,stu_0063,qp_strength,disciplined,0
srv_00694,parent,stu_0063,qp_hard_subject,fizik,0
srv_00695,parent,stu_0063,qp_home_routine,quiet_desk,0
srv_00696,parent,stu_0063,qp_what_works,reward,0
srv_00697,student,stu_0064,q_chrono,evening,0
srv_00698,student,stu_0064,q_start_vs_persist,start_harder,0
srv_00699,student,stu_0064,q_phone_reason,social,0
srv_00700,student,stu_0064,q_reward,parent_praise,0
srv_00701,student,stu_0064,q_anxiety,ask_help,0
srv_00702,parent,stu_0064,qp_strength,curious,0
srv_00703,parent,stu_0064,qp_hard_subject,tarih,0
srv_00704,parent,stu_0064,qp_home_routine,quiet_desk,0
srv_00705,parent,stu_0064,qp_what_works,together_start,0
srv_00706,student,stu_0064,q_week_dropout_point,night,1
srv_00707,student,stu_0064,q_week_dropout_point,night,3
srv_00708,student,stu_0065,q_chrono,morning,0
srv_00709,student,stu_0065,q_start_vs_persist,persist_harder,0
srv_00710,student,stu_0065,q_phone_reason,message,0
srv_00711,student,stu_0065,q_reward,goal_progress,0
srv_00712,student,stu_0065,q_anxiety,rush,0
srv_00713,parent,stu_0065,qp_strength,creative,0
srv_00714,parent,stu_0065,qp_hard_subject,fizik,0
srv_00715,parent,stu_0065,qp_home_routine,noisy,0
srv_00716,parent,stu_0065,qp_what_works,reward,0
srv_00717,student,stu_0065,q_week_dropout_point,middle,2
srv_00718,student,stu_0065,q_week_dropout_point,night,3
srv_00719,student,stu_0066,q_chrono,evening,0
srv_00720,student,stu_0066,q_start_vs_persist,persist_harder,0
srv_00721,student,stu_0066,q_phone_reason,social,0
srv_00722,student,stu_0066,q_reward,goal_progress,0
srv_00723,student,stu_0066,q_anxiety,rush,0
srv_00724,parent,stu_0066,qp_strength,creative,0
srv_00725,parent,stu_0066,qp_hard_subject,ingilizce,0
srv_00726,parent,stu_0066,qp_home_routine,quiet_desk,0
srv_00727,parent,stu_0066,qp_what_works,timer,0
srv_00728,student,stu_0066,q_week_dropout_point,start,1
srv_00729,student,stu_0066,q_week_dropout_point,night,3
srv_00730,student,stu_0066,q_week_dropout_point,start,4
srv_00731,student,stu_0067,q_chrono,mixed,0
srv_00732,student,stu_0067,q_start_vs_persist,start_harder,0
srv_00733,student,stu_0067,q_phone_reason,social,0
srv_00734,student,stu_0067,q_reward,break,0
srv_00735,student,stu_0067,q_anxiety,freeze,0
srv_00736,parent,stu_0067,qp_strength,creative,0
srv_00737,parent,stu_0067,qp_hard_subject,fizik,0
srv_00738,parent,stu_0067,qp_home_routine,noisy,0
srv_00739,parent,stu_0067,qp_what_works,timer,0
srv_00740,student,stu_0067,q_week_dropout_point,night,2
srv_00741,student,stu_0067,q_week_dropout_point,night,4
srv_00742,student,stu_0068,q_chrono,morning,0
srv_00743,student,stu_0068,q_start_vs_persist,both,0
srv_00744,student,stu_0068,q_phone_reason,video,0
srv_00745,student,stu_0068,q_reward,points,0
srv_00746,student,stu_0068,q_anxiety,freeze,0
srv_00747,parent,stu_0068,qp_strength,disciplined,0
srv_00748,parent,stu_0068,qp_hard_subject,matematik,0
srv_00749,parent,stu_0068,qp_home_routine,library,0
srv_00750,parent,stu_0068,qp_what_works,timer,0
srv_00751,student,stu_0068,q_week_dropout_point,night,2
srv_00752,student,stu_0068,q_week_dropout_point,phone,4
srv_00753,student,stu_0069,q_chrono,evening,0
srv_00754,student,stu_0069,q_start_vs_persist,persist_harder,0
srv_00755,student,stu_0069,q_phone_reason,social,0
srv_00756,student,stu_0069,q_reward,goal_progress,0
srv_00757,student,stu_0069,q_anxiety,avoid,0
srv_00758,parent,stu_0069,qp_strength,social,0
srv_00759,parent,stu_0069,qp_hard_subject,tarih,0
srv_00760,parent,stu_0069,qp_home_routine,noisy,0
srv_00761,parent,stu_0069,qp_what_works,reward,0
srv_00762,student,stu_0069,q_week_dropout_point,phone,2
srv_00763,student,stu_0070,q_chrono,evening,0
srv_00764,student,stu_0070,q_start_vs_persist,both,0
srv_00765,student,stu_0070,q_phone_reason,video,0
srv_00766,student,stu_0070,q_reward,goal_progress,0
srv_00767,student,stu_0070,q_anxiety,freeze,0
srv_00768,parent,stu_0070,qp_strength,social,0
srv_00769,parent,stu_0070,qp_hard_subject,turkce,0
srv_00770,parent,stu_0070,qp_home_routine,shared_room,0
srv_00771,parent,stu_0070,qp_what_works,together_start,0
srv_00772,student,stu_0070,q_week_dropout_point,night,1
srv_00773,student,stu_0070,q_week_dropout_point,night,3
srv_00774,student,stu_0070,q_week_dropout_point,phone,4
srv_00775,student,stu_0071,q_chrono,mixed,0
srv_00776,student,stu_0071,q_start_vs_persist,both,0
srv_00777,student,stu_0071,q_phone_reason,message,0
srv_00778,student,stu_0071,q_reward,goal_progress,0
srv_00779,student,stu_0071,q_anxiety,avoid,0
srv_00780,parent,stu_0071,qp_strength,curious,0
srv_00781,parent,stu_0071,qp_hard_subject,turkce,0
srv_00782,parent,stu_0071,qp_home_routine,noisy,0
srv_00783,parent,stu_0071,qp_what_works,together_start,0
srv_00784,student,stu_0071,q_week_dropout_point,phone,1
srv_00785,student,stu_0071,q_week_dropout_point,start,4
srv_00786,student,stu_0072,q_chrono,morning,0
srv_00787,student,stu_0072,q_start_vs_persist,both,0
srv_00788,student,stu_0072,q_phone_reason,message,0
srv_00789,student,stu_0072,q_reward,parent_praise,0
srv_00790,student,stu_0072,q_anxiety,ask_help,0
srv_00791,parent,stu_0072,qp_strength,curious,0
srv_00792,parent,stu_0072,qp_hard_subject,fen,0
srv_00793,parent,stu_0072,qp_home_routine,shared_room,0
srv_00794,parent,stu_0072,qp_what_works,reward,0
srv_00795,student,stu_0072,q_week_dropout_point,start,1
srv_00796,student,stu_0072,q_week_dropout_point,anxiety,2
srv_00797,student,stu_0073,q_chrono,morning,0
srv_00798,student,stu_0073,q_start_vs_persist,persist_harder,0
srv_00799,student,stu_0073,q_phone_reason,social,0
srv_00800,student,stu_0073,q_reward,points,0
srv_00801,student,stu_0073,q_anxiety,avoid,0
srv_00802,parent,stu_0073,qp_strength,creative,0
srv_00803,parent,stu_0073,qp_hard_subject,kimya,0
srv_00804,parent,stu_0073,qp_home_routine,library,0
srv_00805,parent,stu_0073,qp_what_works,short_blocks,0
srv_00806,student,stu_0073,q_week_dropout_point,anxiety,1
srv_00807,student,stu_0073,q_week_dropout_point,night,3
srv_00808,student,stu_0074,q_chrono,mixed,0
srv_00809,student,stu_0074,q_start_vs_persist,start_harder,0
srv_00810,student,stu_0074,q_phone_reason,message,0
srv_00811,student,stu_0074,q_reward,points,0
srv_00812,student,stu_0074,q_anxiety,freeze,0
srv_00813,parent,stu_0074,qp_strength,curious,0
srv_00814,parent,stu_0074,qp_hard_subject,fen,0
srv_00815,parent,stu_0074,qp_home_routine,noisy,0
srv_00816,parent,stu_0074,qp_what_works,short_blocks,0
srv_00817,student,stu_0074,q_week_dropout_point,anxiety,2
srv_00818,student,stu_0074,q_week_dropout_point,anxiety,4
srv_00819,student,stu_0075,q_chrono,mixed,0
srv_00820,student,stu_0075,q_start_vs_persist,start_harder,0
srv_00821,student,stu_0075,q_phone_reason,video,0
srv_00822,student,stu_0075,q_reward,parent_praise,0
srv_00823,student,stu_0075,q_anxiety,freeze,0
srv_00824,parent,stu_0075,qp_strength,creative,0
srv_00825,parent,stu_0075,qp_hard_subject,kimya,0
srv_00826,parent,stu_0075,qp_home_routine,noisy,0
srv_00827,parent,stu_0075,qp_what_works,reward,0
srv_00828,student,stu_0075,q_week_dropout_point,start,1
srv_00829,student,stu_0075,q_week_dropout_point,anxiety,4
srv_00830,student,stu_0076,q_chrono,evening,0
srv_00831,student,stu_0076,q_start_vs_persist,both,0
srv_00832,student,stu_0076,q_phone_reason,social,0
srv_00833,student,stu_0076,q_reward,parent_praise,0
srv_00834,student,stu_0076,q_anxiety,rush,0
srv_00835,parent,stu_0076,qp_strength,creative,0
srv_00836,parent,stu_0076,qp_hard_subject,matematik,0
srv_00837,parent,stu_0076,qp_home_routine,shared_room,0
srv_00838,parent,stu_0076,qp_what_works,reward,0
srv_00839,student,stu_0076,q_week_dropout_point,night,1
srv_00840,student,stu_0077,q_chrono,morning,0
srv_00841,student,stu_0077,q_start_vs_persist,both,0
srv_00842,student,stu_0077,q_phone_reason,message,0
srv_00843,student,stu_0077,q_reward,points,0
srv_00844,student,stu_0077,q_anxiety,avoid,0
srv_00845,parent,stu_0077,qp_strength,social,0
srv_00846,parent,stu_0077,qp_hard_subject,tarih,0
srv_00847,parent,stu_0077,qp_home_routine,shared_room,0
srv_00848,parent,stu_0077,qp_what_works,reward,0
srv_00849,student,stu_0077,q_week_dropout_point,start,3
srv_00850,student,stu_0077,q_week_dropout_point,anxiety,4
srv_00851,student,stu_0078,q_chrono,morning,0
srv_00852,student,stu_0078,q_start_vs_persist,persist_harder,0
srv_00853,student,stu_0078,q_phone_reason,video,0
srv_00854,student,stu_0078,q_reward,break,0
srv_00855,student,stu_0078,q_anxiety,rush,0
srv_00856,parent,stu_0078,qp_strength,creative,0
srv_00857,parent,stu_0078,qp_hard_subject,kimya,0
srv_00858,parent,stu_0078,qp_home_routine,noisy,0
srv_00859,parent,stu_0078,qp_what_works,reward,0
srv_00860,student,stu_0078,q_week_dropout_point,phone,2
srv_00861,student,stu_0078,q_week_dropout_point,phone,4
srv_00862,student,stu_0079,q_chrono,morning,0
srv_00863,student,stu_0079,q_start_vs_persist,start_harder,0
srv_00864,student,stu_0079,q_phone_reason,message,0
srv_00865,student,stu_0079,q_reward,break,0
srv_00866,student,stu_0079,q_anxiety,freeze,0
srv_00867,parent,stu_0079,qp_strength,creative,0
srv_00868,parent,stu_0079,qp_hard_subject,turkce,0
srv_00869,parent,stu_0079,qp_home_routine,noisy,0
srv_00870,parent,stu_0079,qp_what_works,timer,0
srv_00871,student,stu_0079,q_week_dropout_point,phone,1
srv_00872,student,stu_0079,q_week_dropout_point,middle,2
srv_00873,student,stu_0079,q_week_dropout_point,middle,3
srv_00874,student,stu_0080,q_chrono,mixed,0
srv_00875,student,stu_0080,q_start_vs_persist,start_harder,0
srv_00876,student,stu_0080,q_phone_reason,boredom,0
srv_00877,student,stu_0080,q_reward,points,0
srv_00878,student,stu_0080,q_anxiety,rush,0
srv_00879,parent,stu_0080,qp_strength,curious,0
srv_00880,parent,stu_0080,qp_hard_subject,matematik,0
srv_00881,parent,stu_0080,qp_home_routine,quiet_desk,0
srv_00882,parent,stu_0080,qp_what_works,short_blocks,0
srv_00883,student,stu_0080,q_week_dropout_point,anxiety,4
srv_00884,student,stu_0081,q_chrono,morning,0
srv_00885,student,stu_0081,q_start_vs_persist,both,0
srv_00886,student,stu_0081,q_phone_reason,video,0
srv_00887,student,stu_0081,q_reward,parent_praise,0
srv_00888,student,stu_0081,q_anxiety,ask_help,0
srv_00889,parent,stu_0081,qp_strength,creative,0
srv_00890,parent,stu_0081,qp_hard_subject,fen,0
srv_00891,parent,stu_0081,qp_home_routine,shared_room,0
srv_00892,parent,stu_0081,qp_what_works,timer,0
srv_00893,student,stu_0081,q_week_dropout_point,night,1
srv_00894,student,stu_0081,q_week_dropout_point,middle,2
srv_00895,student,stu_0082,q_chrono,mixed,0
srv_00896,student,stu_0082,q_start_vs_persist,persist_harder,0
srv_00897,student,stu_0082,q_phone_reason,video,0
srv_00898,student,stu_0082,q_reward,points,0
srv_00899,student,stu_0082,q_anxiety,avoid,0
srv_00900,parent,stu_0082,qp_strength,disciplined,0
srv_00901,parent,stu_0082,qp_hard_subject,matematik,0
srv_00902,parent,stu_0082,qp_home_routine,quiet_desk,0
srv_00903,parent,stu_0082,qp_what_works,reward,0
srv_00904,student,stu_0082,q_week_dropout_point,night,3
srv_00905,student,stu_0082,q_week_dropout_point,start,4
srv_00906,student,stu_0083,q_chrono,mixed,0
srv_00907,student,stu_0083,q_start_vs_persist,persist_harder,0
srv_00908,student,stu_0083,q_phone_reason,game,0
srv_00909,student,stu_0083,q_reward,break,0
srv_00910,student,stu_0083,q_anxiety,ask_help,0
srv_00911,parent,stu_0083,qp_strength,disciplined,0
srv_00912,parent,stu_0083,qp_hard_subject,tarih,0
srv_00913,parent,stu_0083,qp_home_routine,library,0
srv_00914,parent,stu_0083,qp_what_works,timer,0
srv_00915,student,stu_0083,q_week_dropout_point,anxiety,1
srv_00916,student,stu_0083,q_week_dropout_point,night,2
srv_00917,student,stu_0084,q_chrono,morning,0
srv_00918,student,stu_0084,q_start_vs_persist,start_harder,0
srv_00919,student,stu_0084,q_phone_reason,game,0
srv_00920,student,stu_0084,q_reward,parent_praise,0
srv_00921,student,stu_0084,q_anxiety,avoid,0
srv_00922,parent,stu_0084,qp_strength,creative,0
srv_00923,parent,stu_0084,qp_hard_subject,tarih,0
srv_00924,parent,stu_0084,qp_home_routine,shared_room,0
srv_00925,parent,stu_0084,qp_what_works,together_start,0
srv_00926,student,stu_0084,q_week_dropout_point,start,2
srv_00927,student,stu_0084,q_week_dropout_point,night,4
srv_00928,student,stu_0085,q_chrono,evening,0
srv_00929,student,stu_0085,q_start_vs_persist,both,0
srv_00930,student,stu_0085,q_phone_reason,social,0
srv_00931,student,stu_0085,q_reward,points,0
srv_00932,student,stu_0085,q_anxiety,rush,0
srv_00933,parent,stu_0085,qp_strength,social,0
srv_00934,parent,stu_0085,qp_hard_subject,matematik,0
srv_00935,parent,stu_0085,qp_home_routine,noisy,0
srv_00936,parent,stu_0085,qp_what_works,short_blocks,0
srv_00937,student,stu_0086,q_chrono,mixed,0
srv_00938,student,stu_0086,q_start_vs_persist,both,0
srv_00939,student,stu_0086,q_phone_reason,message,0
srv_00940,student,stu_0086,q_reward,points,0
srv_00941,student,stu_0086,q_anxiety,ask_help,0
srv_00942,parent,stu_0086,qp_strength,curious,0
srv_00943,parent,stu_0086,qp_hard_subject,turkce,0
srv_00944,parent,stu_0086,qp_home_routine,quiet_desk,0
srv_00945,parent,stu_0086,qp_what_works,reward,0
srv_00946,student,stu_0086,q_week_dropout_point,phone,1
srv_00947,student,stu_0086,q_week_dropout_point,phone,2
srv_00948,student,stu_0086,q_week_dropout_point,night,4
srv_00949,student,stu_0087,q_chrono,morning,0
srv_00950,student,stu_0087,q_start_vs_persist,start_harder,0
srv_00951,student,stu_0087,q_phone_reason,social,0
srv_00952,student,stu_0087,q_reward,points,0
srv_00953,student,stu_0087,q_anxiety,freeze,0
srv_00954,parent,stu_0087,qp_strength,creative,0
srv_00955,parent,stu_0087,qp_hard_subject,turkce,0
srv_00956,parent,stu_0087,qp_home_routine,noisy,0
srv_00957,parent,stu_0087,qp_what_works,reward,0
srv_00958,student,stu_0087,q_week_dropout_point,night,1
srv_00959,student,stu_0087,q_week_dropout_point,phone,2
srv_00960,student,stu_0087,q_week_dropout_point,phone,3
srv_00961,student,stu_0087,q_week_dropout_point,night,4
srv_00962,student,stu_0088,q_chrono,mixed,0
srv_00963,student,stu_0088,q_start_vs_persist,both,0
srv_00964,student,stu_0088,q_phone_reason,message,0
srv_00965,student,stu_0088,q_reward,break,0
srv_00966,student,stu_0088,q_anxiety,freeze,0
srv_00967,parent,stu_0088,qp_strength,creative,0
srv_00968,parent,stu_0088,qp_hard_subject,turkce,0
srv_00969,parent,stu_0088,qp_home_routine,noisy,0
srv_00970,parent,stu_0088,qp_what_works,short_blocks,0
srv_00971,student,stu_0089,q_chrono,evening,0
srv_00972,student,stu_0089,q_start_vs_persist,persist_harder,0
srv_00973,student,stu_0089,q_phone_reason,social,0
srv_00974,student,stu_0089,q_reward,goal_progress,0
srv_00975,student,stu_0089,q_anxiety,freeze,0
srv_00976,parent,stu_0089,qp_strength,creative,0
srv_00977,parent,stu_0089,qp_hard_subject,fen,0
srv_00978,parent,stu_0089,qp_home_routine,library,0
srv_00979,parent,stu_0089,qp_what_works,short_blocks,0
srv_00980,student,stu_0089,q_week_dropout_point,middle,1
srv_00981,student,stu_0089,q_week_dropout_point,start,2
srv_00982,student,stu_0089,q_week_dropout_point,phone,3
srv_00983,student,stu_0089,q_week_dropout_point,middle,4
srv_00984,student,stu_0090,q_chrono,mixed,0
srv_00985,student,stu_0090,q_start_vs_persist,persist_harder,0
srv_00986,student,stu_0090,q_phone_reason,video,0
srv_00987,student,stu_0090,q_reward,points,0
srv_00988,student,stu_0090,q_anxiety,avoid,0
srv_00989,parent,stu_0090,qp_strength,disciplined,0
srv_00990,parent,stu_0090,qp_hard_subject,kimya,0
srv_00991,parent,stu_0090,qp_home_routine,noisy,0
srv_00992,parent,stu_0090,qp_what_works,together_start,0
srv_00993,student,stu_0091,q_chrono,evening,0
srv_00994,student,stu_0091,q_start_vs_persist,start_harder,0
srv_00995,student,stu_0091,q_phone_reason,game,0
srv_00996,student,stu_0091,q_reward,points,0
srv_00997,student,stu_0091,q_anxiety,freeze,0
srv_00998,parent,stu_0091,qp_strength,curious,0
srv_00999,parent,stu_0091,qp_hard_subject,matematik,0
srv_01000,parent,stu_0091,qp_home_routine,quiet_desk,0
srv_01001,parent,stu_0091,qp_what_works,reward,0
srv_01002,student,stu_0091,q_week_dropout_point,middle,2
srv_01003,student,stu_0091,q_week_dropout_point,night,4
srv_01004,student,stu_0092,q_chrono,mixed,0
srv_01005,student,stu_0092,q_start_vs_persist,both,0
srv_01006,student,stu_0092,q_phone_reason,social,0
srv_01007,student,stu_0092,q_reward,break,0
srv_01008,student,stu_0092,q_anxiety,freeze,0
srv_01009,parent,stu_0092,qp_strength,curious,0
srv_01010,parent,stu_0092,qp_hard_subject,fizik,0
srv_01011,parent,stu_0092,qp_home_routine,quiet_desk,0
srv_01012,parent,stu_0092,qp_what_works,reward,0
srv_01013,student,stu_0092,q_week_dropout_point,phone,2
srv_01014,student,stu_0093,q_chrono,evening,0
srv_01015,student,stu_0093,q_start_vs_persist,both,0
srv_01016,student,stu_0093,q_phone_reason,boredom,0
srv_01017,student,stu_0093,q_reward,points,0
srv_01018,student,stu_0093,q_anxiety,ask_help,0
srv_01019,parent,stu_0093,qp_strength,creative,0
srv_01020,parent,stu_0093,qp_hard_subject,fizik,0
srv_01021,parent,stu_0093,qp_home_routine,shared_room,0
srv_01022,parent,stu_0093,qp_what_works,short_blocks,0
srv_01023,student,stu_0093,q_week_dropout_point,middle,4
srv_01024,student,stu_0094,q_chrono,morning,0
srv_01025,student,stu_0094,q_start_vs_persist,both,0
srv_01026,student,stu_0094,q_phone_reason,game,0
srv_01027,student,stu_0094,q_reward,break,0
srv_01028,student,stu_0094,q_anxiety,rush,0
srv_01029,parent,stu_0094,qp_strength,social,0
srv_01030,parent,stu_0094,qp_hard_subject,fen,0
srv_01031,parent,stu_0094,qp_home_routine,noisy,0
srv_01032,parent,stu_0094,qp_what_works,together_start,0
srv_01033,student,stu_0094,q_week_dropout_point,middle,1
srv_01034,student,stu_0094,q_week_dropout_point,night,2
srv_01035,student,stu_0094,q_week_dropout_point,phone,3
srv_01036,student,stu_0095,q_chrono,morning,0
srv_01037,student,stu_0095,q_start_vs_persist,both,0
srv_01038,student,stu_0095,q_phone_reason,boredom,0
srv_01039,student,stu_0095,q_reward,parent_praise,0
srv_01040,student,stu_0095,q_anxiety,ask_help,0
srv_01041,parent,stu_0095,qp_strength,disciplined,0
srv_01042,parent,stu_0095,qp_hard_subject,tarih,0
srv_01043,parent,stu_0095,qp_home_routine,quiet_desk,0
srv_01044,parent,stu_0095,qp_what_works,together_start,0
srv_01045,student,stu_0095,q_week_dropout_point,anxiety,1
srv_01046,student,stu_0095,q_week_dropout_point,night,2
srv_01047,student,stu_0095,q_week_dropout_point,phone,3
srv_01048,student,stu_0095,q_week_dropout_point,start,4
srv_01049,student,stu_0096,q_chrono,morning,0
srv_01050,student,stu_0096,q_start_vs_persist,persist_harder,0
srv_01051,student,stu_0096,q_phone_reason,video,0
srv_01052,student,stu_0096,q_reward,parent_praise,0
srv_01053,student,stu_0096,q_anxiety,ask_help,0
srv_01054,parent,stu_0096,qp_strength,social,0
srv_01055,parent,stu_0096,qp_hard_subject,kimya,0
srv_01056,parent,stu_0096,qp_home_routine,shared_room,0
srv_01057,parent,stu_0096,qp_what_works,together_start,0
srv_01058,student,stu_0096,q_week_dropout_point,night,1
srv_01059,student,stu_0096,q_week_dropout_point,anxiety,3
srv_01060,student,stu_0097,q_chrono,morning,0
srv_01061,student,stu_0097,q_start_vs_persist,both,0
srv_01062,student,stu_0097,q_phone_reason,social,0
srv_01063,student,stu_0097,q_reward,goal_progress,0
srv_01064,student,stu_0097,q_anxiety,freeze,0
srv_01065,parent,stu_0097,qp_strength,social,0
srv_01066,parent,stu_0097,qp_hard_subject,kimya,0
srv_01067,parent,stu_0097,qp_home_routine,library,0
srv_01068,parent,stu_0097,qp_what_works,together_start,0
srv_01069,student,stu_0097,q_week_dropout_point,start,1
srv_01070,student,stu_0097,q_week_dropout_point,phone,2
srv_01071,student,stu_0097,q_week_dropout_point,middle,4
srv_01072,student,stu_0098,q_chrono,morning,0
srv_01073,student,stu_0098,q_start_vs_persist,persist_harder,0
srv_01074,student,stu_0098,q_phone_reason,game,0
srv_01075,student,stu_0098,q_reward,parent_praise,0
srv_01076,student,stu_0098,q_anxiety,freeze,0
srv_01077,parent,stu_0098,qp_strength,social,0
srv_01078,parent,stu_0098,qp_hard_subject,ingilizce,0
srv_01079,parent,stu_0098,qp_home_routine,shared_room,0
srv_01080,parent,stu_0098,qp_what_works,timer,0
srv_01081,student,stu_0099,q_chrono,evening,0
srv_01082,student,stu_0099,q_start_vs_persist,both,0
srv_01083,student,stu_0099,q_phone_reason,video,0
srv_01084,student,stu_0099,q_reward,goal_progress,0
srv_01085,student,stu_0099,q_anxiety,rush,0
srv_01086,parent,stu_0099,qp_strength,curious,0
srv_01087,parent,stu_0099,qp_hard_subject,matematik,0
srv_01088,parent,stu_0099,qp_home_routine,library,0
srv_01089,parent,stu_0099,qp_what_works,timer,0
srv_01090,student,stu_0099,q_week_dropout_point,start,1
srv_01091,student,stu_0099,q_week_dropout_point,middle,4
srv_01092,student,stu_0100,q_chrono,mixed,0
srv_01093,student,stu_0100,q_start_vs_persist,both,0
srv_01094,student,stu_0100,q_phone_reason,game,0
srv_01095,student,stu_0100,q_reward,parent_praise,0
srv_01096,student,stu_0100,q_anxiety,avoid,0
srv_01097,parent,stu_0100,qp_strength,social,0
srv_01098,parent,stu_0100,qp_hard_subject,turkce,0
srv_01099,parent,stu_0100,qp_home_routine,quiet_desk,0
srv_01100,parent,stu_0100,qp_what_works,together_start,0
